 INFO  Accepting connections at http://localhost:3000
 HTTP  8/20/2026 11:01:46 AM ::1 GET /
 HTTP  8/20/2026 11:01:46 AM ::1 Returned 200 in 18 ms
 HTTP  8/20/2026 11:05:18 AM ::1 GET /
 HTTP  8/20/2026 11:05:18 AM ::1 Returned 200 in 1 ms
 HTTP  8/20/2026 11:10:36 AM ::1 GET /
 HTTP  8/20/2026 11:10:36 AM ::1 Returned 200 in 1 ms
 HTTP  8/20/2026 11:10:45 AM ::1 GET /src/styles/main.css
 HTTP  8/20/2026 11:10:45 AM ::1 Returned 200 in 1 ms
 HTTP  8/20/2026 11:18:09 AM ::1 GET /
 HTTP  8/20/2026 11:18:09 AM ::1 Returned 200 in 2 ms
 HTTP  8/20/2026 11:19:18 AM ::1 GET /
 HTTP  8/20/2026 11:19:18 AM ::1 Returned 200 in 7 ms
 HTTP  8/20/2026 11:19:18 AM ::1 GET /src/styles/main.css
 HTTP  8/20/2026 11:19:18 AM ::1 Returned 200 in 3 ms
 HTTP  8/20/2026 11:19:18 AM ::1 GET /src/services/api.js
 HTTP  8/20/2026 11:19:18 AM ::1 GET /src/services/chats.js
 HTTP  8/20/2026 11:19:18 AM ::1 GET /src/utils/markdown.js
 HTTP  8/20/2026 11:19:18 AM ::1 GET /src/utils/helpers.js
 HTTP  8/20/2026 11:19:18 AM ::1 GET /src/components/Tables/renderer.js
 HTTP  8/20/2026 11:19:18 AM ::1 GET /src/components/Safety/indicator.js
 HTTP  8/20/2026 11:19:18 AM ::1 Returned 200 in 18 ms
 HTTP  8/20/2026 11:19:18 AM ::1 Returned 200 in 15 ms
 HTTP  8/20/2026 11:19:18 AM ::1 Returned 200 in 15 ms
 HTTP  8/20/2026 11:19:18 AM ::1 Returned 200 in 14 ms
 HTTP  8/20/2026 11:19:18 AM ::1 Returned 200 in 14 ms
 HTTP  8/20/2026 11:19:18 AM ::1 Returned 200 in 14 ms
 HTTP  8/20/2026 11:19:18 AM ::1 GET /src/components/Chat/message.js
 HTTP  8/20/2026 11:19:18 AM ::1 GET /src/components/Chat/input.js
 HTTP  8/20/2026 11:19:18 AM ::1 GET /src/components/Evidence/panel.js
 HTTP  8/20/2026 11:19:18 AM ::1 GET /src/components/Evidence/map.js
 HTTP  8/20/2026 11:19:18 AM ::1 GET /src/components/Evidence/conflict.js
 HTTP  8/20/2026 11:19:18 AM ::1 GET /src/components/Citation/list.js
 HTTP  8/20/2026 11:19:18 AM ::1 Returned 200 in 11 ms
 HTTP  8/20/2026 11:19:18 AM ::1 Returned 200 in 12 ms
 HTTP  8/20/2026 11:19:18 AM ::1 Returned 200 in 12 ms
 HTTP  8/20/2026 11:19:18 AM ::1 Returned 200 in 8 ms
 HTTP  8/20/2026 11:19:18 AM ::1 Returned 200 in 8 ms
 HTTP  8/20/2026 11:19:18 AM ::1 Returned 200 in 7 ms
 HTTP  8/20/2026 11:19:18 AM ::1 GET /src/components/Confidence/gauge.js
 HTTP  8/20/2026 11:19:18 AM ::1 GET /src/components/Verification/status.js
 HTTP  8/20/2026 11:19:18 AM ::1 GET /src/components/Loading/stages.js
 HTTP  8/20/2026 11:19:18 AM ::1 GET /src/components/Sources/modal.js
 HTTP  8/20/2026 11:19:18 AM ::1 GET /src/components/Explainability/why.js
 HTTP  8/20/2026 11:19:18 AM ::1 GET /src/components/Explainability/pipeline.js
 HTTP  8/20/2026 11:19:18 AM ::1 Returned 200 in 9 ms
 HTTP  8/20/2026 11:19:18 AM ::1 Returned 200 in 9 ms
 HTTP  8/20/2026 11:19:18 AM ::1 Returned 200 in 7 ms
 HTTP  8/20/2026 11:19:18 AM ::1 Returned 200 in 7 ms
 HTTP  8/20/2026 11:19:18 AM ::1 Returned 200 in 6 ms
 HTTP  8/20/2026 11:19:18 AM ::1 GET /src/components/Explainability/howitworks.js
 HTTP  8/20/2026 11:19:18 AM ::1 Returned 200 in 6 ms
 HTTP  8/20/2026 11:19:18 AM ::1 GET /src/components/Drawer/evidence-drawer.js
 HTTP  8/20/2026 11:19:18 AM ::1 Returned 200 in 6 ms
 HTTP  8/20/2026 11:19:18 AM ::1 GET /src/components/Sidebar/sources.js
 HTTP  8/20/2026 11:19:18 AM ::1 GET /src/components/Innovation/trust.js
 HTTP  8/20/2026 11:19:18 AM ::1 GET /src/components/Innovation/contextcheck.js
 HTTP  8/20/2026 11:19:18 AM ::1 GET /src/components/Innovation/strength.js
 HTTP  8/20/2026 11:19:18 AM ::1 Returned 200 in 8 ms
 HTTP  8/20/2026 11:19:18 AM ::1 Returned 200 in 8 ms
 HTTP  8/20/2026 11:19:18 AM ::1 GET /src/components/Innovation/receipt.js
 HTTP  8/20/2026 11:19:18 AM ::1 Returned 200 in 8 ms
 HTTP  8/20/2026 11:19:18 AM ::1 Returned 200 in 9 ms
 HTTP  8/20/2026 11:19:18 AM ::1 Returned 200 in 8 ms
 HTTP  8/20/2026 11:19:18 AM ::1 GET /src/components/Innovation/trace.js
 HTTP  8/20/2026 11:19:18 AM ::1 Returned 200 in 6 ms
 HTTP  8/20/2026 11:19:18 AM ::1 GET /src/components/Innovation/passport.js
 HTTP  8/20/2026 11:19:18 AM ::1 GET /src/components/Innovation/compare.js
 HTTP  8/20/2026 11:19:18 AM ::1 GET /src/components/Innovation/heatmap.js
 HTTP  8/20/2026 11:19:18 AM ::1 GET /src/components/Innovation/demo.js
 HTTP  8/20/2026 11:19:18 AM ::1 Returned 200 in 9 ms
 HTTP  8/20/2026 11:19:18 AM ::1 Returned 200 in 8 ms
 HTTP  8/20/2026 11:19:18 AM ::1 GET /src/app.js
 HTTP  8/20/2026 11:19:18 AM ::1 Returned 200 in 7 ms
 HTTP  8/20/2026 11:19:18 AM ::1 Returned 200 in 7 ms
 HTTP  8/20/2026 11:19:18 AM ::1 Returned 200 in 6 ms
 HTTP  8/20/2026 11:19:18 AM ::1 Returned 200 in 5 ms
 HTTP  8/20/2026 11:19:30 AM ::1 GET /
 HTTP  8/20/2026 11:19:30 AM ::1 Returned 200 in 1 ms
 HTTP  8/20/2026 11:19:48 AM ::1 GET /
 HTTP  8/20/2026 11:19:48 AM ::1 Returned 200 in 1 ms
 HTTP  8/20/2026 11:29:37 AM ::1 GET /
 HTTP  8/20/2026 11:29:37 AM ::1 Returned 200 in 2 ms
 HTTP  8/20/2026 11:29:37 AM ::1 GET /src/styles/main.css
 HTTP  8/20/2026 11:29:37 AM ::1 Returned 200 in 1 ms
 HTTP  8/20/2026 11:29:37 AM ::1 GET /src/services/api.js
 HTTP  8/20/2026 11:29:37 AM ::1 Returned 200 in 1 ms
 HTTP  8/20/2026 11:29:37 AM ::1 GET /src/services/chats.js
 HTTP  8/20/2026 11:29:37 AM ::1 Returned 200 in 2 ms
 HTTP  8/20/2026 11:29:37 AM ::1 GET /src/utils/markdown.js
 HTTP  8/20/2026 11:29:37 AM ::1 Returned 200 in 2 ms
 HTTP  8/20/2026 11:29:37 AM ::1 GET /src/utils/helpers.js
 HTTP  8/20/2026 11:29:37 AM ::1 GET /src/components/Tables/renderer.js
 HTTP  8/20/2026 11:29:37 AM ::1 Returned 200 in 2 ms
 HTTP  8/20/2026 11:29:37 AM ::1 Returned 200 in 2 ms
 HTTP  8/20/2026 11:29:37 AM ::1 GET /src/components/Safety/indicator.js
 HTTP  8/20/2026 11:29:37 AM ::1 Returned 200 in 2 ms
 HTTP  8/20/2026 11:29:37 AM ::1 GET /src/components/Chat/message.js
 HTTP  8/20/2026 11:29:37 AM ::1 GET /src/components/Chat/input.js
 HTTP  8/20/2026 11:29:37 AM ::1 GET /src/components/Evidence/panel.js
 HTTP  8/20/2026 11:29:37 AM ::1 Returned 200 in 3 ms
 HTTP  8/20/2026 11:29:37 AM ::1 Returned 200 in 3 ms
 HTTP  8/20/2026 11:29:37 AM ::1 GET /src/components/Evidence/map.js
 HTTP  8/20/2026 11:29:37 AM ::1 Returned 200 in 3 ms
 HTTP  8/20/2026 11:29:37 AM ::1 GET /src/components/Evidence/conflict.js
 HTTP  8/20/2026 11:29:37 AM ::1 Returned 200 in 2 ms
 HTTP  8/20/2026 11:29:37 AM ::1 Returned 200 in 3 ms
 HTTP  8/20/2026 11:29:37 AM ::1 GET /src/components/Citation/list.js
 HTTP  8/20/2026 11:29:37 AM ::1 Returned 200 in 3 ms
 HTTP  8/20/2026 11:29:37 AM ::1 GET /src/components/Confidence/gauge.js
 HTTP  8/20/2026 11:29:37 AM ::1 GET /src/components/Verification/status.js
 HTTP  8/20/2026 11:29:37 AM ::1 Returned 200 in 2 ms
 HTTP  8/20/2026 11:29:37 AM ::1 GET /src/components/Loading/stages.js
 HTTP  8/20/2026 11:29:37 AM ::1 Returned 200 in 2 ms
 HTTP  8/20/2026 11:29:37 AM ::1 GET /src/components/Sources/modal.js
 HTTP  8/20/2026 11:29:37 AM ::1 GET /src/components/Explainability/why.js
 HTTP  8/20/2026 11:29:37 AM ::1 Returned 200 in 3 ms
 HTTP  8/20/2026 11:29:37 AM ::1 Returned 200 in 2 ms
 HTTP  8/20/2026 11:29:37 AM ::1 Returned 200 in 2 ms
 HTTP  8/20/2026 11:29:37 AM ::1 GET /src/components/Explainability/pipeline.js
 HTTP  8/20/2026 11:29:37 AM ::1 GET /src/components/Explainability/howitworks.js
 HTTP  8/20/2026 11:29:37 AM ::1 Returned 200 in 2 ms
 HTTP  8/20/2026 11:29:37 AM ::1 Returned 200 in 2 ms
 HTTP  8/20/2026 11:29:37 AM ::1 GET /src/components/Drawer/evidence-drawer.js
 HTTP  8/20/2026 11:29:37 AM ::1 GET /src/components/Sidebar/sources.js
 HTTP  8/20/2026 11:29:37 AM ::1 GET /src/components/Innovation/trust.js
 HTTP  8/20/2026 11:29:37 AM ::1 Returned 200 in 3 ms
 HTTP  8/20/2026 11:29:37 AM ::1 Returned 200 in 2 ms
 HTTP  8/20/2026 11:29:37 AM ::1 GET /src/components/Innovation/contextcheck.js
 HTTP  8/20/2026 11:29:37 AM ::1 GET /src/components/Innovation/strength.js
 HTTP  8/20/2026 11:29:37 AM ::1 GET /src/components/Innovation/receipt.js
 HTTP  8/20/2026 11:29:37 AM ::1 Returned 200 in 4 ms
 HTTP  8/20/2026 11:29:37 AM ::1 Returned 200 in 3 ms
 HTTP  8/20/2026 11:29:37 AM ::1 Returned 200 in 3 ms
 HTTP  8/20/2026 11:29:37 AM ::1 Returned 200 in 2 ms
 HTTP  8/20/2026 11:29:37 AM ::1 GET /src/components/Innovation/trace.js
 HTTP  8/20/2026 11:29:37 AM ::1 GET /src/components/Innovation/passport.js
 HTTP  8/20/2026 11:29:37 AM ::1 Returned 200 in 4 ms
 HTTP  8/20/2026 11:29:37 AM ::1 Returned 200 in 2 ms
 HTTP  8/20/2026 11:29:37 AM ::1 GET /src/components/Innovation/compare.js
 HTTP  8/20/2026 11:29:37 AM ::1 GET /src/components/Innovation/heatmap.js
 HTTP  8/20/2026 11:29:37 AM ::1 Returned 200 in 2 ms
 HTTP  8/20/2026 11:29:37 AM ::1 GET /src/components/Innovation/demo.js
 HTTP  8/20/2026 11:29:37 AM ::1 GET /src/app.js
 HTTP  8/20/2026 11:29:37 AM ::1 Returned 200 in 3 ms
 HTTP  8/20/2026 11:29:37 AM ::1 Returned 200 in 2 ms
 HTTP  8/20/2026 11:29:37 AM ::1 Returned 200 in 2 ms
 HTTP  8/20/2026 11:32:07 AM ::1 GET /
 HTTP  8/20/2026 11:32:07 AM ::1 Returned 200 in 2 ms
 HTTP  8/20/2026 11:32:07 AM ::1 GET /src/styles/main.css
 HTTP  8/20/2026 11:32:07 AM ::1 Returned 200 in 4 ms
 HTTP  8/20/2026 11:32:07 AM ::1 GET /src/services/api.js
 HTTP  8/20/2026 11:32:07 AM ::1 Returned 200 in 2 ms
 HTTP  8/20/2026 11:32:07 AM ::1 GET /src/services/chats.js
 HTTP  8/20/2026 11:32:07 AM ::1 GET /src/utils/markdown.js
 HTTP  8/20/2026 11:32:07 AM ::1 GET /src/utils/helpers.js
 HTTP  8/20/2026 11:32:07 AM ::1 Returned 200 in 1 ms
 HTTP  8/20/2026 11:32:07 AM ::1 GET /src/components/Tables/renderer.js
 HTTP  8/20/2026 11:32:07 AM ::1 Returned 200 in 3 ms
 HTTP  8/20/2026 11:32:07 AM ::1 GET /src/components/Safety/indicator.js
 HTTP  8/20/2026 11:32:07 AM ::1 Returned 200 in 2 ms
 HTTP  8/20/2026 11:32:07 AM ::1 Returned 200 in 3 ms
 HTTP  8/20/2026 11:32:07 AM ::1 Returned 200 in 7 ms
 HTTP  8/20/2026 11:32:07 AM ::1 GET /src/components/Chat/message.js
 HTTP  8/20/2026 11:32:07 AM ::1 GET /src/components/Chat/input.js
 HTTP  8/20/2026 11:32:07 AM ::1 Returned 200 in 3 ms
 HTTP  8/20/2026 11:32:07 AM ::1 GET /src/components/Evidence/panel.js
 HTTP  8/20/2026 11:32:07 AM ::1 GET /src/components/Evidence/map.js
 HTTP  8/20/2026 11:32:07 AM ::1 Returned 200 in 3 ms
 HTTP  8/20/2026 11:32:07 AM ::1 Returned 200 in 2 ms
 HTTP  8/20/2026 11:32:07 AM ::1 GET /src/components/Evidence/conflict.js
 HTTP  8/20/2026 11:32:07 AM ::1 GET /src/components/Citation/list.js
 HTTP  8/20/2026 11:32:07 AM ::1 Returned 200 in 4 ms
 HTTP  8/20/2026 11:32:07 AM ::1 Returned 200 in 2 ms
 HTTP  8/20/2026 11:32:07 AM ::1 Returned 200 in 2 ms
 HTTP  8/20/2026 11:32:07 AM ::1 GET /src/components/Confidence/gauge.js
 HTTP  8/20/2026 11:32:07 AM ::1 Returned 200 in 2 ms
 HTTP  8/20/2026 11:32:07 AM ::1 GET /src/components/Verification/status.js
 HTTP  8/20/2026 11:32:07 AM ::1 GET /src/components/Loading/stages.js
 HTTP  8/20/2026 11:32:07 AM ::1 GET /src/components/Sources/modal.js
 HTTP  8/20/2026 11:32:07 AM ::1 Returned 200 in 2 ms
 HTTP  8/20/2026 11:32:07 AM ::1 Returned 200 in 3 ms
 HTTP  8/20/2026 11:32:07 AM ::1 GET /src/components/Explainability/why.js
 HTTP  8/20/2026 11:32:07 AM ::1 GET /src/components/Explainability/pipeline.js
 HTTP  8/20/2026 11:32:07 AM ::1 Returned 200 in 4 ms
 HTTP  8/20/2026 11:32:07 AM ::1 Returned 200 in 2 ms
 HTTP  8/20/2026 11:32:07 AM ::1 Returned 200 in 2 ms
 HTTP  8/20/2026 11:32:07 AM ::1 GET /src/components/Explainability/howitworks.js
 HTTP  8/20/2026 11:32:07 AM ::1 Returned 200 in 2 ms
 HTTP  8/20/2026 11:32:07 AM ::1 GET /src/components/Drawer/evidence-drawer.js
 HTTP  8/20/2026 11:32:07 AM ::1 Returned 200 in 1 ms
 HTTP  8/20/2026 11:32:07 AM ::1 GET /src/components/Sidebar/sources.js
 HTTP  8/20/2026 11:32:07 AM ::1 GET /src/components/Innovation/trust.js
 HTTP  8/20/2026 11:32:07 AM ::1 GET /src/components/Innovation/contextcheck.js
 HTTP  8/20/2026 11:32:07 AM ::1 Returned 200 in 2 ms
 HTTP  8/20/2026 11:32:07 AM ::1 Returned 200 in 3 ms
 HTTP  8/20/2026 11:32:07 AM ::1 GET /src/components/Innovation/strength.js
 HTTP  8/20/2026 11:32:07 AM ::1 Returned 200 in 3 ms
 HTTP  8/20/2026 11:32:07 AM ::1 GET /src/components/Innovation/receipt.js
 HTTP  8/20/2026 11:32:07 AM ::1 Returned 200 in 2 ms
 HTTP  8/20/2026 11:32:07 AM ::1 Returned 200 in 3 ms
 HTTP  8/20/2026 11:32:07 AM ::1 GET /src/components/Innovation/trace.js
 HTTP  8/20/2026 11:32:07 AM ::1 GET /src/components/Innovation/passport.js
 HTTP  8/20/2026 11:32:07 AM ::1 Returned 200 in 3 ms
 HTTP  8/20/2026 11:32:07 AM ::1 GET /src/components/Innovation/compare.js
 HTTP  8/20/2026 11:32:07 AM ::1 Returned 200 in 3 ms
 HTTP  8/20/2026 11:32:07 AM ::1 Returned 200 in 2 ms
 HTTP  8/20/2026 11:32:07 AM ::1 GET /src/components/Innovation/heatmap.js
 HTTP  8/20/2026 11:32:07 AM ::1 GET /src/components/Innovation/demo.js
 HTTP  8/20/2026 11:32:07 AM ::1 Returned 200 in 2 ms
 HTTP  8/20/2026 11:32:07 AM ::1 GET /src/app.js
 HTTP  8/20/2026 11:32:07 AM ::1 Returned 200 in 2 ms
 HTTP  8/20/2026 11:32:07 AM ::1 Returned 200 in 3 ms
 HTTP  8/20/2026 11:32:25 AM ::1 GET /
 HTTP  8/20/2026 11:32:25 AM ::1 Returned 200 in 1 ms
 HTTP  8/20/2026 11:32:25 AM ::1 GET /src/styles/main.css
 HTTP  8/20/2026 11:32:25 AM ::1 Returned 200 in 1 ms
 HTTP  8/20/2026 11:32:25 AM ::1 GET /src/services/api.js
 HTTP  8/20/2026 11:32:25 AM ::1 Returned 200 in 1 ms
 HTTP  8/20/2026 11:32:25 AM ::1 GET /src/services/chats.js
 HTTP  8/20/2026 11:32:25 AM ::1 Returned 200 in 1 ms
 HTTP  8/20/2026 11:32:25 AM ::1 GET /src/utils/markdown.js
 HTTP  8/20/2026 11:32:25 AM ::1 GET /src/utils/helpers.js
 HTTP  8/20/2026 11:32:25 AM ::1 Returned 200 in 1 ms
 HTTP  8/20/2026 11:32:25 AM ::1 GET /src/components/Tables/renderer.js
 HTTP  8/20/2026 11:32:25 AM ::1 Returned 200 in 2 ms
 HTTP  8/20/2026 11:32:25 AM ::1 Returned 200 in 2 ms
 HTTP  8/20/2026 11:32:25 AM ::1 GET /src/components/Safety/indicator.js
 HTTP  8/20/2026 11:32:25 AM ::1 GET /src/components/Chat/message.js
 HTTP  8/20/2026 11:32:25 AM ::1 Returned 200 in 3 ms
 HTTP  8/20/2026 11:32:25 AM ::1 Returned 200 in 3 ms
 HTTP  8/20/2026 11:32:25 AM ::1 GET /src/components/Chat/input.js
 HTTP  8/20/2026 11:32:25 AM ::1 Returned 200 in 2 ms
 HTTP  8/20/2026 11:32:25 AM ::1 GET /src/components/Evidence/panel.js
 HTTP  8/20/2026 11:32:25 AM ::1 GET /src/components/Evidence/map.js
 HTTP  8/20/2026 11:32:25 AM ::1 Returned 200 in 3 ms
 HTTP  8/20/2026 11:32:25 AM ::1 GET /src/components/Evidence/conflict.js
 HTTP  8/20/2026 11:32:25 AM ::1 Returned 200 in 4 ms
 HTTP  8/20/2026 11:32:25 AM ::1 Returned 200 in 1 ms
 HTTP  8/20/2026 11:32:25 AM ::1 GET /src/components/Citation/list.js
 HTTP  8/20/2026 11:32:25 AM ::1 GET /src/components/Confidence/gauge.js
 HTTP  8/20/2026 11:32:25 AM ::1 Returned 200 in 3 ms
 HTTP  8/20/2026 11:32:25 AM ::1 Returned 200 in 3 ms
 HTTP  8/20/2026 11:32:25 AM ::1 GET /src/components/Verification/status.js
 HTTP  8/20/2026 11:32:25 AM ::1 Returned 200 in 2 ms
 HTTP  8/20/2026 11:32:25 AM ::1 GET /src/components/Loading/stages.js
 HTTP  8/20/2026 11:32:25 AM ::1 GET /src/components/Sources/modal.js
 HTTP  8/20/2026 11:32:25 AM ::1 Returned 200 in 3 ms
 HTTP  8/20/2026 11:32:25 AM ::1 GET /src/components/Explainability/why.js
 HTTP  8/20/2026 11:32:25 AM ::1 GET /src/components/Explainability/pipeline.js
 HTTP  8/20/2026 11:32:25 AM ::1 Returned 200 in 3 ms
 HTTP  8/20/2026 11:32:25 AM ::1 Returned 200 in 2 ms
 HTTP  8/20/2026 11:32:25 AM ::1 GET /src/components/Explainability/howitworks.js
 HTTP  8/20/2026 11:32:25 AM ::1 Returned 200 in 2 ms
 HTTP  8/20/2026 11:32:25 AM ::1 Returned 200 in 2 ms
 HTTP  8/20/2026 11:32:25 AM ::1 GET /src/components/Drawer/evidence-drawer.js
 HTTP  8/20/2026 11:32:25 AM ::1 Returned 200 in 3 ms
 HTTP  8/20/2026 11:32:25 AM ::1 GET /src/components/Sidebar/sources.js
 HTTP  8/20/2026 11:32:25 AM ::1 GET /src/components/Innovation/trust.js
 HTTP  8/20/2026 11:32:25 AM ::1 GET /src/components/Innovation/contextcheck.js
 HTTP  8/20/2026 11:32:25 AM ::1 Returned 200 in 2 ms
 HTTP  8/20/2026 11:32:25 AM ::1 Returned 200 in 2 ms
 HTTP  8/20/2026 11:32:25 AM ::1 GET /src/components/Innovation/strength.js
 HTTP  8/20/2026 11:32:25 AM ::1 GET /src/components/Innovation/receipt.js
 HTTP  8/20/2026 11:32:25 AM ::1 Returned 200 in 3 ms
 HTTP  8/20/2026 11:32:25 AM ::1 Returned 200 in 3 ms
 HTTP  8/20/2026 11:32:25 AM ::1 Returned 200 in 3 ms
 HTTP  8/20/2026 11:32:25 AM ::1 GET /src/components/Innovation/trace.js
 HTTP  8/20/2026 11:32:25 AM ::1 GET /src/components/Innovation/passport.js
 HTTP  8/20/2026 11:32:25 AM ::1 GET /src/components/Innovation/compare.js
 HTTP  8/20/2026 11:32:25 AM ::1 GET /src/components/Innovation/heatmap.js
 HTTP  8/20/2026 11:32:25 AM ::1 Returned 200 in 4 ms
 HTTP  8/20/2026 11:32:25 AM ::1 Returned 200 in 3 ms
 HTTP  8/20/2026 11:32:25 AM ::1 Returned 200 in 3 ms
 HTTP  8/20/2026 11:32:25 AM ::1 GET /src/components/Innovation/demo.js
 HTTP  8/20/2026 11:32:25 AM ::1 GET /src/app.js
 HTTP  8/20/2026 11:32:25 AM ::1 Returned 200 in 3 ms
 HTTP  8/20/2026 11:32:25 AM ::1 Returned 200 in 2 ms
 HTTP  8/20/2026 11:32:25 AM ::1 Returned 200 in 3 ms
 HTTP  8/20/2026 11:32:27 AM ::1 GET /
 HTTP  8/20/2026 11:32:27 AM ::1 Returned 200 in 1 ms
 HTTP  8/20/2026 11:32:27 AM ::1 GET /src/styles/main.css
 HTTP  8/20/2026 11:32:27 AM ::1 Returned 200 in 2 ms
 HTTP  8/20/2026 11:32:27 AM ::1 GET /src/services/api.js
 HTTP  8/20/2026 11:32:27 AM ::1 Returned 200 in 1 ms
 HTTP  8/20/2026 11:32:27 AM ::1 GET /src/services/chats.js
 HTTP  8/20/2026 11:32:27 AM ::1 Returned 200 in 1 ms
 HTTP  8/20/2026 11:32:27 AM ::1 GET /src/utils/markdown.js
 HTTP  8/20/2026 11:32:27 AM ::1 GET /src/utils/helpers.js
 HTTP  8/20/2026 11:32:27 AM ::1 Returned 200 in 2 ms
 HTTP  8/20/2026 11:32:27 AM ::1 Returned 200 in 1 ms
 HTTP  8/20/2026 11:32:27 AM ::1 GET /src/components/Tables/renderer.js
 HTTP  8/20/2026 11:32:27 AM ::1 Returned 200 in 1 ms
 HTTP  8/20/2026 11:32:27 AM ::1 GET /src/components/Safety/indicator.js
 HTTP  8/20/2026 11:32:27 AM ::1 Returned 200 in 1 ms
 HTTP  8/20/2026 11:32:27 AM ::1 GET /src/components/Chat/message.js
 HTTP  8/20/2026 11:32:27 AM ::1 Returned 200 in 2 ms
 HTTP  8/20/2026 11:32:27 AM ::1 GET /src/components/Chat/input.js
 HTTP  8/20/2026 11:32:27 AM ::1 GET /src/components/Evidence/panel.js
 HTTP  8/20/2026 11:32:27 AM ::1 Returned 200 in 1 ms
 HTTP  8/20/2026 11:32:27 AM ::1 GET /src/components/Evidence/map.js
 HTTP  8/20/2026 11:32:27 AM ::1 GET /src/components/Evidence/conflict.js
 HTTP  8/20/2026 11:32:27 AM ::1 Returned 200 in 3 ms
 HTTP  8/20/2026 11:32:27 AM ::1 Returned 200 in 2 ms
 HTTP  8/20/2026 11:32:27 AM ::1 GET /src/components/Citation/list.js
 HTTP  8/20/2026 11:32:27 AM ::1 Returned 200 in 2 ms
 HTTP  8/20/2026 11:32:27 AM ::1 Returned 200 in 1 ms
 HTTP  8/20/2026 11:32:27 AM ::1 GET /src/components/Confidence/gauge.js
 HTTP  8/20/2026 11:32:27 AM ::1 GET /src/components/Verification/status.js
 HTTP  8/20/2026 11:32:27 AM ::1 Returned 200 in 1 ms
 HTTP  8/20/2026 11:32:27 AM ::1 GET /src/components/Loading/stages.js
 HTTP  8/20/2026 11:32:27 AM ::1 GET /src/components/Sources/modal.js
 HTTP  8/20/2026 11:32:27 AM ::1 Returned 200 in 2 ms
 HTTP  8/20/2026 11:32:27 AM ::1 Returned 200 in 2 ms
 HTTP  8/20/2026 11:32:27 AM ::1 GET /src/components/Explainability/why.js
 HTTP  8/20/2026 11:32:27 AM ::1 GET /src/components/Explainability/pipeline.js
 HTTP  8/20/2026 11:32:27 AM ::1 Returned 200 in 4 ms
 HTTP  8/20/2026 11:32:27 AM ::1 Returned 200 in 3 ms
 HTTP  8/20/2026 11:32:27 AM ::1 Returned 200 in 3 ms
 HTTP  8/20/2026 11:32:27 AM ::1 GET /src/components/Explainability/howitworks.js
 HTTP  8/20/2026 11:32:27 AM ::1 Returned 200 in 2 ms
 HTTP  8/20/2026 11:32:27 AM ::1 GET /src/components/Drawer/evidence-drawer.js
 HTTP  8/20/2026 11:32:27 AM ::1 Returned 200 in 2 ms
 HTTP  8/20/2026 11:32:27 AM ::1 GET /src/components/Sidebar/sources.js
 HTTP  8/20/2026 11:32:27 AM ::1 GET /src/components/Innovation/trust.js
 HTTP  8/20/2026 11:32:27 AM ::1 GET /src/components/Innovation/contextcheck.js
 HTTP  8/20/2026 11:32:27 AM ::1 GET /src/components/Innovation/strength.js
 HTTP  8/20/2026 11:32:27 AM ::1 Returned 200 in 4 ms
 HTTP  8/20/2026 11:32:27 AM ::1 Returned 200 in 4 ms
 HTTP  8/20/2026 11:32:27 AM ::1 Returned 200 in 4 ms
 HTTP  8/20/2026 11:32:27 AM ::1 Returned 200 in 3 ms
 HTTP  8/20/2026 11:32:27 AM ::1 GET /src/components/Innovation/receipt.js
 HTTP  8/20/2026 11:32:27 AM ::1 Returned 200 in 2 ms
 HTTP  8/20/2026 11:32:27 AM ::1 GET /src/components/Innovation/trace.js
 HTTP  8/20/2026 11:32:27 AM ::1 GET /src/components/Innovation/passport.js
 HTTP  8/20/2026 11:32:27 AM ::1 Returned 200 in 3 ms
 HTTP  8/20/2026 11:32:27 AM ::1 Returned 200 in 4 ms
 HTTP  8/20/2026 11:32:27 AM ::1 GET /src/components/Innovation/compare.js
 HTTP  8/20/2026 11:32:27 AM ::1 GET /src/components/Innovation/heatmap.js
 HTTP  8/20/2026 11:32:27 AM ::1 Returned 200 in 2 ms
 HTTP  8/20/2026 11:32:27 AM ::1 GET /src/components/Innovation/demo.js
 HTTP  8/20/2026 11:32:27 AM ::1 Returned 200 in 2 ms
 HTTP  8/20/2026 11:32:27 AM ::1 GET /src/app.js
 HTTP  8/20/2026 11:32:27 AM ::1 Returned 200 in 2 ms
 HTTP  8/20/2026 11:32:27 AM ::1 Returned 200 in 2 ms
 HTTP  8/20/2026 11:32:29 AM ::1 GET /
 HTTP  8/20/2026 11:32:29 AM ::1 Returned 200 in 1 ms
 HTTP  8/20/2026 11:32:29 AM ::1 GET /src/styles/main.css
 HTTP  8/20/2026 11:32:29 AM ::1 Returned 200 in 1 ms
 HTTP  8/20/2026 11:32:29 AM ::1 GET /src/services/api.js
 HTTP  8/20/2026 11:32:29 AM ::1 GET /src/services/chats.js
 HTTP  8/20/2026 11:32:29 AM ::1 Returned 200 in 2 ms
 HTTP  8/20/2026 11:32:29 AM ::1 Returned 200 in 1 ms
 HTTP  8/20/2026 11:32:29 AM ::1 GET /src/utils/markdown.js
 HTTP  8/20/2026 11:32:29 AM ::1 GET /src/utils/helpers.js
 HTTP  8/20/2026 11:32:29 AM ::1 Returned 200 in 2 ms
 HTTP  8/20/2026 11:32:29 AM ::1 Returned 200 in 1 ms
 HTTP  8/20/2026 11:32:29 AM ::1 GET /src/components/Tables/renderer.js
 HTTP  8/20/2026 11:32:29 AM ::1 Returned 200 in 2 ms
 HTTP  8/20/2026 11:32:29 AM ::1 GET /src/components/Safety/indicator.js
 HTTP  8/20/2026 11:32:29 AM ::1 Returned 200 in 1 ms
 HTTP  8/20/2026 11:32:29 AM ::1 GET /src/components/Chat/message.js
 HTTP  8/20/2026 11:32:29 AM ::1 GET /src/components/Chat/input.js
 HTTP  8/20/2026 11:32:29 AM ::1 GET /src/components/Evidence/panel.js
 HTTP  8/20/2026 11:32:29 AM ::1 GET /src/components/Evidence/map.js
 HTTP  8/20/2026 11:32:29 AM ::1 Returned 200 in 6 ms
 HTTP  8/20/2026 11:32:29 AM ::1 Returned 200 in 6 ms
 HTTP  8/20/2026 11:32:29 AM ::1 Returned 200 in 6 ms
 HTTP  8/20/2026 11:32:29 AM ::1 Returned 200 in 7 ms
 HTTP  8/20/2026 11:32:29 AM ::1 GET /src/components/Evidence/conflict.js
 HTTP  8/20/2026 11:32:29 AM ::1 GET /src/components/Citation/list.js
 HTTP  8/20/2026 11:32:29 AM ::1 Returned 200 in 2 ms
 HTTP  8/20/2026 11:32:29 AM ::1 Returned 200 in 1 ms
 HTTP  8/20/2026 11:32:29 AM ::1 GET /src/components/Confidence/gauge.js
 HTTP  8/20/2026 11:32:29 AM ::1 Returned 200 in 2 ms
 HTTP  8/20/2026 11:32:29 AM ::1 GET /src/components/Verification/status.js
 HTTP  8/20/2026 11:32:29 AM ::1 GET /src/components/Loading/stages.js
 HTTP  8/20/2026 11:32:29 AM ::1 GET /src/components/Sources/modal.js
 HTTP  8/20/2026 11:32:29 AM ::1 GET /src/components/Explainability/why.js
 HTTP  8/20/2026 11:32:29 AM ::1 GET /src/components/Explainability/pipeline.js
 HTTP  8/20/2026 11:32:29 AM ::1 Returned 200 in 3 ms
 HTTP  8/20/2026 11:32:29 AM ::1 Returned 200 in 2 ms
 HTTP  8/20/2026 11:32:29 AM ::1 Returned 200 in 3 ms
 HTTP  8/20/2026 11:32:29 AM ::1 Returned 200 in 2 ms
 HTTP  8/20/2026 11:32:29 AM ::1 Returned 200 in 3 ms
 HTTP  8/20/2026 11:32:29 AM ::1 GET /src/components/Explainability/howitworks.js
 HTTP  8/20/2026 11:32:29 AM ::1 Returned 200 in 1 ms
 HTTP  8/20/2026 11:32:29 AM ::1 GET /src/components/Drawer/evidence-drawer.js
 HTTP  8/20/2026 11:32:29 AM ::1 Returned 200 in 2 ms
 HTTP  8/20/2026 11:32:29 AM ::1 GET /src/components/Sidebar/sources.js
 HTTP  8/20/2026 11:32:29 AM ::1 GET /src/components/Innovation/trust.js
 HTTP  8/20/2026 11:32:29 AM ::1 GET /src/components/Innovation/contextcheck.js
 HTTP  8/20/2026 11:32:29 AM ::1 GET /src/components/Innovation/strength.js
 HTTP  8/20/2026 11:32:29 AM ::1 GET /src/components/Innovation/receipt.js
 HTTP  8/20/2026 11:32:29 AM ::1 Returned 200 in 3 ms
 HTTP  8/20/2026 11:32:29 AM ::1 Returned 200 in 3 ms
 HTTP  8/20/2026 11:32:29 AM ::1 Returned 200 in 3 ms
 HTTP  8/20/2026 11:32:29 AM ::1 Returned 200 in 3 ms
 HTTP  8/20/2026 11:32:29 AM ::1 Returned 200 in 3 ms
 HTTP  8/20/2026 11:32:29 AM ::1 GET /src/components/Innovation/trace.js
 HTTP  8/20/2026 11:32:29 AM ::1 Returned 200 in 1 ms
 HTTP  8/20/2026 11:32:29 AM ::1 GET /src/components/Innovation/passport.js
 HTTP  8/20/2026 11:32:29 AM ::1 GET /src/components/Innovation/compare.js
 HTTP  8/20/2026 11:32:29 AM ::1 Returned 200 in 1 ms
 HTTP  8/20/2026 11:32:29 AM ::1 GET /src/components/Innovation/heatmap.js
 HTTP  8/20/2026 11:32:29 AM ::1 GET /src/components/Innovation/demo.js
 HTTP  8/20/2026 11:32:29 AM ::1 GET /src/app.js
 HTTP  8/20/2026 11:32:29 AM ::1 Returned 200 in 3 ms
 HTTP  8/20/2026 11:32:29 AM ::1 Returned 200 in 2 ms
 HTTP  8/20/2026 11:32:29 AM ::1 Returned 200 in 3 ms
 HTTP  8/20/2026 11:32:29 AM ::1 Returned 200 in 3 ms
 HTTP  8/20/2026 11:32:31 AM ::1 GET /
 HTTP  8/20/2026 11:32:31 AM ::1 Returned 200 in 2 ms
 HTTP  8/20/2026 11:32:31 AM ::1 GET /src/styles/main.css
 HTTP  8/20/2026 11:32:31 AM ::1 Returned 200 in 1 ms
 HTTP  8/20/2026 11:32:31 AM ::1 GET /src/services/api.js
 HTTP  8/20/2026 11:32:31 AM ::1 Returned 200 in 1 ms
 HTTP  8/20/2026 11:32:31 AM ::1 GET /src/services/chats.js
 HTTP  8/20/2026 11:32:31 AM ::1 Returned 200 in 1 ms
 HTTP  8/20/2026 11:32:31 AM ::1 GET /src/utils/markdown.js
 HTTP  8/20/2026 11:32:31 AM ::1 GET /src/utils/helpers.js
 HTTP  8/20/2026 11:32:31 AM ::1 GET /src/components/Tables/renderer.js
 HTTP  8/20/2026 11:32:31 AM ::1 Returned 200 in 2 ms
 HTTP  8/20/2026 11:32:31 AM ::1 Returned 200 in 2 ms
 HTTP  8/20/2026 11:32:31 AM ::1 GET /src/components/Safety/indicator.js
 HTTP  8/20/2026 11:32:31 AM ::1 GET /src/components/Chat/message.js
 HTTP  8/20/2026 11:32:31 AM ::1 Returned 200 in 3 ms
 HTTP  8/20/2026 11:32:31 AM ::1 Returned 200 in 2 ms
 HTTP  8/20/2026 11:32:31 AM ::1 GET /src/components/Chat/input.js
 HTTP  8/20/2026 11:32:31 AM ::1 Returned 200 in 3 ms
 HTTP  8/20/2026 11:32:31 AM ::1 Returned 200 in 1 ms
 HTTP  8/20/2026 11:32:31 AM ::1 GET /src/components/Evidence/panel.js
 HTTP  8/20/2026 11:32:31 AM ::1 Returned 200 in 1 ms
 HTTP  8/20/2026 11:32:31 AM ::1 GET /src/components/Evidence/map.js
 HTTP  8/20/2026 11:32:31 AM ::1 GET /src/components/Evidence/conflict.js
 HTTP  8/20/2026 11:32:31 AM ::1 Returned 200 in 1 ms
 HTTP  8/20/2026 11:32:31 AM ::1 GET /src/components/Citation/list.js
 HTTP  8/20/2026 11:32:31 AM ::1 GET /src/components/Confidence/gauge.js
 HTTP  8/20/2026 11:32:31 AM ::1 GET /src/components/Verification/status.js
 HTTP  8/20/2026 11:32:31 AM ::1 Returned 200 in 4 ms
 HTTP  8/20/2026 11:32:31 AM ::1 Returned 200 in 3 ms
 HTTP  8/20/2026 11:32:31 AM ::1 Returned 200 in 3 ms
 HTTP  8/20/2026 11:32:31 AM ::1 Returned 200 in 3 ms
 HTTP  8/20/2026 11:32:31 AM ::1 GET /src/components/Loading/stages.js
 HTTP  8/20/2026 11:32:31 AM ::1 GET /src/components/Sources/modal.js
 HTTP  8/20/2026 11:32:31 AM ::1 Returned 200 in 2 ms
 HTTP  8/20/2026 11:32:31 AM ::1 GET /src/components/Explainability/why.js
 HTTP  8/20/2026 11:32:31 AM ::1 Returned 200 in 2 ms
 HTTP  8/20/2026 11:32:31 AM ::1 GET /src/components/Explainability/pipeline.js
 HTTP  8/20/2026 11:32:31 AM ::1 GET /src/components/Explainability/howitworks.js
 HTTP  8/20/2026 11:32:31 AM ::1 GET /src/components/Drawer/evidence-drawer.js
 HTTP  8/20/2026 11:32:31 AM ::1 Returned 200 in 3 ms
 HTTP  8/20/2026 11:32:31 AM ::1 Returned 200 in 3 ms
 HTTP  8/20/2026 11:32:31 AM ::1 Returned 200 in 2 ms
 HTTP  8/20/2026 11:32:31 AM ::1 Returned 200 in 3 ms
 HTTP  8/20/2026 11:32:31 AM ::1 GET /src/components/Sidebar/sources.js
 HTTP  8/20/2026 11:32:31 AM ::1 Returned 200 in 0 ms
 HTTP  8/20/2026 11:32:31 AM ::1 GET /src/components/Innovation/trust.js
 HTTP  8/20/2026 11:32:31 AM ::1 GET /src/components/Innovation/contextcheck.js
 HTTP  8/20/2026 11:32:31 AM ::1 GET /src/components/Innovation/strength.js
 HTTP  8/20/2026 11:32:31 AM ::1 Returned 200 in 2 ms
 HTTP  8/20/2026 11:32:31 AM ::1 Returned 200 in 3 ms
 HTTP  8/20/2026 11:32:31 AM ::1 GET /src/components/Innovation/receipt.js
 HTTP  8/20/2026 11:32:31 AM ::1 GET /src/components/Innovation/trace.js
 HTTP  8/20/2026 11:32:31 AM ::1 Returned 200 in 3 ms
 HTTP  8/20/2026 11:32:31 AM ::1 Returned 200 in 2 ms
 HTTP  8/20/2026 11:32:31 AM ::1 GET /src/components/Innovation/passport.js
 HTTP  8/20/2026 11:32:31 AM ::1 Returned 200 in 3 ms
 HTTP  8/20/2026 11:32:31 AM ::1 Returned 200 in 2 ms
 HTTP  8/20/2026 11:32:31 AM ::1 GET /src/components/Innovation/compare.js
 HTTP  8/20/2026 11:32:31 AM ::1 GET /src/components/Innovation/heatmap.js
 HTTP  8/20/2026 11:32:31 AM ::1 Returned 200 in 2 ms
 HTTP  8/20/2026 11:32:31 AM ::1 GET /src/components/Innovation/demo.js
 HTTP  8/20/2026 11:32:31 AM ::1 Returned 200 in 2 ms
 HTTP  8/20/2026 11:32:31 AM ::1 GET /src/app.js
 HTTP  8/20/2026 11:32:31 AM ::1 Returned 200 in 2 ms
 HTTP  8/20/2026 11:32:31 AM ::1 Returned 200 in 2 ms
 HTTP  8/20/2026 11:32:32 AM ::1 GET /
 HTTP  8/20/2026 11:32:32 AM ::1 Returned 200 in 2 ms
 HTTP  8/20/2026 11:32:32 AM ::1 GET /src/styles/main.css
 HTTP  8/20/2026 11:32:32 AM ::1 Returned 200 in 2 ms
 HTTP  8/20/2026 11:32:32 AM ::1 GET /src/services/api.js
 HTTP  8/20/2026 11:32:32 AM ::1 GET /src/services/chats.js
 HTTP  8/20/2026 11:32:32 AM ::1 Returned 200 in 2 ms
 HTTP  8/20/2026 11:32:32 AM ::1 Returned 200 in 1 ms
 HTTP  8/20/2026 11:32:32 AM ::1 GET /src/utils/markdown.js
 HTTP  8/20/2026 11:32:32 AM ::1 GET /src/utils/helpers.js
 HTTP  8/20/2026 11:32:32 AM ::1 Returned 200 in 2 ms
 HTTP  8/20/2026 11:32:32 AM ::1 GET /src/components/Tables/renderer.js
 HTTP  8/20/2026 11:32:32 AM ::1 GET /src/components/Safety/indicator.js
 HTTP  8/20/2026 11:32:32 AM ::1 Returned 200 in 3 ms
 HTTP  8/20/2026 11:32:32 AM ::1 Returned 200 in 1 ms
 HTTP  8/20/2026 11:32:32 AM ::1 Returned 200 in 2 ms
 HTTP  8/20/2026 11:32:32 AM ::1 GET /src/components/Chat/message.js
 HTTP  8/20/2026 11:32:32 AM ::1 GET /src/components/Chat/input.js
 HTTP  8/20/2026 11:32:32 AM ::1 Returned 200 in 2 ms
 HTTP  8/20/2026 11:32:32 AM ::1 Returned 200 in 3 ms
 HTTP  8/20/2026 11:32:32 AM ::1 GET /src/components/Evidence/panel.js
 HTTP  8/20/2026 11:32:32 AM ::1 GET /src/components/Evidence/map.js
 HTTP  8/20/2026 11:32:32 AM ::1 Returned 200 in 2 ms
 HTTP  8/20/2026 11:32:32 AM ::1 GET /src/components/Evidence/conflict.js
 HTTP  8/20/2026 11:32:32 AM ::1 GET /src/components/Citation/list.js
 HTTP  8/20/2026 11:32:32 AM ::1 Returned 200 in 2 ms
 HTTP  8/20/2026 11:32:32 AM ::1 Returned 200 in 2 ms
 HTTP  8/20/2026 11:32:32 AM ::1 Returned 200 in 1 ms
 HTTP  8/20/2026 11:32:32 AM ::1 GET /src/components/Confidence/gauge.js
 HTTP  8/20/2026 11:32:32 AM ::1 Returned 200 in 1 ms
 HTTP  8/20/2026 11:32:32 AM ::1 GET /src/components/Verification/status.js
 HTTP  8/20/2026 11:32:32 AM ::1 GET /src/components/Loading/stages.js
 HTTP  8/20/2026 11:32:32 AM ::1 Returned 200 in 2 ms
 HTTP  8/20/2026 11:32:32 AM ::1 GET /src/components/Sources/modal.js
 HTTP  8/20/2026 11:32:32 AM ::1 GET /src/components/Explainability/why.js
 HTTP  8/20/2026 11:32:32 AM ::1 GET /src/components/Explainability/pipeline.js
 HTTP  8/20/2026 11:32:32 AM ::1 Returned 200 in 3 ms
 HTTP  8/20/2026 11:32:32 AM ::1 Returned 200 in 3 ms
 HTTP  8/20/2026 11:32:32 AM ::1 Returned 200 in 3 ms
 HTTP  8/20/2026 11:32:32 AM ::1 Returned 200 in 3 ms
 HTTP  8/20/2026 11:32:32 AM ::1 GET /src/components/Explainability/howitworks.js
 HTTP  8/20/2026 11:32:32 AM ::1 Returned 200 in 1 ms
 HTTP  8/20/2026 11:32:32 AM ::1 GET /src/components/Drawer/evidence-drawer.js
 HTTP  8/20/2026 11:32:32 AM ::1 Returned 200 in 1 ms
 HTTP  8/20/2026 11:32:32 AM ::1 GET /src/components/Sidebar/sources.js
 HTTP  8/20/2026 11:32:32 AM ::1 Returned 200 in 1 ms
 HTTP  8/20/2026 11:32:32 AM ::1 GET /src/components/Innovation/trust.js
 HTTP  8/20/2026 11:32:32 AM ::1 GET /src/components/Innovation/contextcheck.js
 HTTP  8/20/2026 11:32:32 AM ::1 Returned 200 in 2 ms
 HTTP  8/20/2026 11:32:32 AM ::1 GET /src/components/Innovation/strength.js
 HTTP  8/20/2026 11:32:32 AM ::1 GET /src/components/Innovation/receipt.js
 HTTP  8/20/2026 11:32:32 AM ::1 Returned 200 in 2 ms
 HTTP  8/20/2026 11:32:32 AM ::1 Returned 200 in 2 ms
 HTTP  8/20/2026 11:32:32 AM ::1 Returned 200 in 3 ms
 HTTP  8/20/2026 11:32:32 AM ::1 GET /src/components/Innovation/trace.js
 HTTP  8/20/2026 11:32:32 AM ::1 Returned 200 in 2 ms
 HTTP  8/20/2026 11:32:32 AM ::1 GET /src/components/Innovation/passport.js
 HTTP  8/20/2026 11:32:32 AM ::1 Returned 200 in 2 ms
 HTTP  8/20/2026 11:32:32 AM ::1 GET /src/components/Innovation/compare.js
 HTTP  8/20/2026 11:32:32 AM ::1 GET /src/components/Innovation/heatmap.js
 HTTP  8/20/2026 11:32:32 AM ::1 Returned 200 in 2 ms
 HTTP  8/20/2026 11:32:32 AM ::1 Returned 200 in 2 ms
 HTTP  8/20/2026 11:32:32 AM ::1 GET /src/components/Innovation/demo.js
 HTTP  8/20/2026 11:32:32 AM ::1 GET /src/app.js
 HTTP  8/20/2026 11:32:32 AM ::1 Returned 200 in 2 ms
 HTTP  8/20/2026 11:32:32 AM ::1 Returned 200 in 1 ms
 HTTP  8/20/2026 11:34:36 AM ::1 GET /
 HTTP  8/20/2026 11:34:36 AM ::1 Returned 200 in 1 ms
 HTTP  8/20/2026 11:34:36 AM ::1 GET /src/styles/main.css
 HTTP  8/20/2026 11:34:36 AM ::1 Returned 200 in 1 ms
 HTTP  8/20/2026 11:34:36 AM ::1 GET /src/services/api.js
 HTTP  8/20/2026 11:34:36 AM ::1 Returned 200 in 2 ms
 HTTP  8/20/2026 11:34:36 AM ::1 GET /src/services/chats.js
 HTTP  8/20/2026 11:34:36 AM ::1 GET /src/utils/markdown.js
 HTTP  8/20/2026 11:34:36 AM ::1 GET /src/utils/helpers.js
 HTTP  8/20/2026 11:34:36 AM ::1 GET /src/components/Tables/renderer.js
 HTTP  8/20/2026 11:34:36 AM ::1 Returned 200 in 3 ms
 HTTP  8/20/2026 11:34:36 AM ::1 Returned 200 in 2 ms
 HTTP  8/20/2026 11:34:36 AM ::1 Returned 200 in 2 ms
 HTTP  8/20/2026 11:34:36 AM ::1 GET /src/components/Safety/indicator.js
 HTTP  8/20/2026 11:34:36 AM ::1 GET /src/components/Chat/message.js
 HTTP  8/20/2026 11:34:36 AM ::1 Returned 200 in 3 ms
 HTTP  8/20/2026 11:34:36 AM ::1 Returned 200 in 2 ms
 HTTP  8/20/2026 11:34:36 AM ::1 Returned 200 in 2 ms
 HTTP  8/20/2026 11:34:36 AM ::1 GET /src/components/Chat/input.js
 HTTP  8/20/2026 11:34:36 AM ::1 Returned 200 in 1 ms
 HTTP  8/20/2026 11:34:36 AM ::1 GET /src/components/Evidence/panel.js
 HTTP  8/20/2026 11:34:36 AM ::1 GET /src/components/Evidence/map.js
 HTTP  8/20/2026 11:34:36 AM ::1 Returned 200 in 1 ms
 HTTP  8/20/2026 11:34:36 AM ::1 GET /src/components/Evidence/conflict.js
 HTTP  8/20/2026 11:34:36 AM ::1 GET /src/components/Citation/list.js
 HTTP  8/20/2026 11:34:36 AM ::1 Returned 200 in 2 ms
 HTTP  8/20/2026 11:34:36 AM ::1 Returned 200 in 2 ms
 HTTP  8/20/2026 11:34:36 AM ::1 GET /src/components/Confidence/gauge.js
 HTTP  8/20/2026 11:34:36 AM ::1 Returned 200 in 3 ms
 HTTP  8/20/2026 11:34:36 AM ::1 Returned 200 in 2 ms
 HTTP  8/20/2026 11:34:36 AM ::1 GET /src/components/Verification/status.js
 HTTP  8/20/2026 11:34:36 AM ::1 GET /src/components/Loading/stages.js
 HTTP  8/20/2026 11:34:36 AM ::1 GET /src/components/Sources/modal.js
 HTTP  8/20/2026 11:34:36 AM ::1 GET /src/components/Explainability/why.js
 HTTP  8/20/2026 11:34:36 AM ::1 GET /src/components/Explainability/pipeline.js
 HTTP  8/20/2026 11:34:36 AM ::1 GET /src/components/Explainability/howitworks.js
 HTTP  8/20/2026 11:34:36 AM ::1 Returned 200 in 13 ms
 HTTP  8/20/2026 11:34:36 AM ::1 Returned 200 in 13 ms
 HTTP  8/20/2026 11:34:36 AM ::1 Returned 200 in 13 ms
 HTTP  8/20/2026 11:34:36 AM ::1 Returned 200 in 13 ms
 HTTP  8/20/2026 11:34:36 AM ::1 Returned 200 in 12 ms
 HTTP  8/20/2026 11:34:36 AM ::1 Returned 200 in 13 ms
 HTTP  8/20/2026 11:34:36 AM ::1 GET /src/components/Drawer/evidence-drawer.js
 HTTP  8/20/2026 11:34:36 AM ::1 GET /src/components/Sidebar/sources.js
 HTTP  8/20/2026 11:34:36 AM ::1 GET /src/components/Innovation/trust.js
 HTTP  8/20/2026 11:34:36 AM ::1 Returned 200 in 2 ms
 HTTP  8/20/2026 11:34:36 AM ::1 Returned 200 in 2 ms
 HTTP  8/20/2026 11:34:36 AM ::1 GET /src/components/Innovation/contextcheck.js
 HTTP  8/20/2026 11:34:36 AM ::1 GET /src/components/Innovation/strength.js
 HTTP  8/20/2026 11:34:36 AM ::1 GET /src/components/Innovation/receipt.js
 HTTP  8/20/2026 11:34:36 AM ::1 Returned 200 in 4 ms
 HTTP  8/20/2026 11:34:36 AM ::1 Returned 200 in 3 ms
 HTTP  8/20/2026 11:34:36 AM ::1 Returned 200 in 3 ms
 HTTP  8/20/2026 11:34:36 AM ::1 Returned 200 in 3 ms
 HTTP  8/20/2026 11:34:36 AM ::1 GET /src/components/Innovation/trace.js
 HTTP  8/20/2026 11:34:36 AM ::1 Returned 200 in 2 ms
 HTTP  8/20/2026 11:34:36 AM ::1 GET /src/components/Innovation/passport.js
 HTTP  8/20/2026 11:34:36 AM ::1 Returned 200 in 2 ms
 HTTP  8/20/2026 11:34:37 AM ::1 GET /src/components/Innovation/compare.js
 HTTP  8/20/2026 11:34:37 AM ::1 GET /src/components/Innovation/heatmap.js
 HTTP  8/20/2026 11:34:37 AM ::1 GET /src/components/Innovation/demo.js
 HTTP  8/20/2026 11:34:37 AM ::1 GET /src/app.js
 HTTP  8/20/2026 11:34:37 AM ::1 Returned 200 in 3 ms
 HTTP  8/20/2026 11:34:37 AM ::1 Returned 200 in 3 ms
 HTTP  8/20/2026 11:34:37 AM ::1 Returned 200 in 2 ms
 HTTP  8/20/2026 11:34:37 AM ::1 Returned 200 in 3 ms
 HTTP  8/20/2026 11:35:32 AM ::1 GET /
 HTTP  8/20/2026 11:35:32 AM ::1 Returned 200 in 1 ms
 HTTP  8/20/2026 11:35:32 AM ::1 GET /src/styles/main.css
 HTTP  8/20/2026 11:35:32 AM ::1 Returned 200 in 1 ms
 HTTP  8/20/2026 11:35:32 AM ::1 GET /src/services/api.js
 HTTP  8/20/2026 11:35:32 AM ::1 Returned 200 in 1 ms
 HTTP  8/20/2026 11:35:32 AM ::1 GET /src/services/chats.js
 HTTP  8/20/2026 11:35:32 AM ::1 GET /src/utils/markdown.js
 HTTP  8/20/2026 11:35:32 AM ::1 Returned 200 in 2 ms
 HTTP  8/20/2026 11:35:32 AM ::1 GET /src/utils/helpers.js
 HTTP  8/20/2026 11:35:32 AM ::1 Returned 200 in 2 ms
 HTTP  8/20/2026 11:35:32 AM ::1 GET /src/components/Tables/renderer.js
 HTTP  8/20/2026 11:35:32 AM ::1 GET /src/components/Safety/indicator.js
 HTTP  8/20/2026 11:35:32 AM ::1 Returned 200 in 3 ms
 HTTP  8/20/2026 11:35:32 AM ::1 Returned 200 in 3 ms
 HTTP  8/20/2026 11:35:32 AM ::1 Returned 200 in 2 ms
 HTTP  8/20/2026 11:35:32 AM ::1 GET /src/components/Chat/message.js
 HTTP  8/20/2026 11:35:32 AM ::1 Returned 200 in 1 ms
 HTTP  8/20/2026 11:35:32 AM ::1 GET /src/components/Chat/input.js
 HTTP  8/20/2026 11:35:32 AM ::1 Returned 200 in 1 ms
 HTTP  8/20/2026 11:35:32 AM ::1 GET /src/components/Evidence/panel.js
 HTTP  8/20/2026 11:35:32 AM ::1 GET /src/components/Evidence/map.js
 HTTP  8/20/2026 11:35:32 AM ::1 GET /src/components/Evidence/conflict.js
 HTTP  8/20/2026 11:35:32 AM ::1 GET /src/components/Citation/list.js
 HTTP  8/20/2026 11:35:32 AM ::1 Returned 200 in 20 ms
 HTTP  8/20/2026 11:35:32 AM ::1 Returned 200 in 21 ms
 HTTP  8/20/2026 11:35:32 AM ::1 Returned 200 in 2 ms
 HTTP  8/20/2026 11:35:32 AM ::1 Returned 200 in 3 ms
 HTTP  8/20/2026 11:35:32 AM ::1 GET /src/components/Confidence/gauge.js
 HTTP  8/20/2026 11:35:32 AM ::1 Returned 200 in 1 ms
 HTTP  8/20/2026 11:35:32 AM ::1 GET /src/components/Verification/status.js
 HTTP  8/20/2026 11:35:32 AM ::1 Returned 200 in 2 ms
 HTTP  8/20/2026 11:35:32 AM ::1 GET /src/components/Loading/stages.js
 HTTP  8/20/2026 11:35:32 AM ::1 Returned 200 in 1 ms
 HTTP  8/20/2026 11:35:32 AM ::1 GET /src/components/Sources/modal.js
 HTTP  8/20/2026 11:35:32 AM ::1 GET /src/components/Explainability/why.js
 HTTP  8/20/2026 11:35:32 AM ::1 Returned 200 in 2 ms
 HTTP  8/20/2026 11:35:32 AM ::1 Returned 200 in 2 ms
 HTTP  8/20/2026 11:35:32 AM ::1 GET /src/components/Explainability/pipeline.js
 HTTP  8/20/2026 11:35:32 AM ::1 GET /src/components/Explainability/howitworks.js
 HTTP  8/20/2026 11:35:32 AM ::1 GET /src/components/Drawer/evidence-drawer.js
 HTTP  8/20/2026 11:35:32 AM ::1 Returned 200 in 2 ms
 HTTP  8/20/2026 11:35:32 AM ::1 Returned 200 in 2 ms
 HTTP  8/20/2026 11:35:32 AM ::1 Returned 200 in 2 ms
 HTTP  8/20/2026 11:35:32 AM ::1 GET /src/components/Sidebar/sources.js
 HTTP  8/20/2026 11:35:32 AM ::1 GET /src/components/Innovation/trust.js
 HTTP  8/20/2026 11:35:32 AM ::1 GET /src/components/Innovation/contextcheck.js
 HTTP  8/20/2026 11:35:32 AM ::1 Returned 200 in 2 ms
 HTTP  8/20/2026 11:35:32 AM ::1 Returned 200 in 2 ms
 HTTP  8/20/2026 11:35:32 AM ::1 GET /src/components/Innovation/strength.js
 HTTP  8/20/2026 11:35:32 AM ::1 Returned 200 in 3 ms
 HTTP  8/20/2026 11:35:32 AM ::1 GET /src/components/Innovation/receipt.js
 HTTP  8/20/2026 11:35:32 AM ::1 GET /src/components/Innovation/trace.js
 HTTP  8/20/2026 11:35:32 AM ::1 Returned 200 in 3 ms
 HTTP  8/20/2026 11:35:32 AM ::1 Returned 200 in 2 ms
 HTTP  8/20/2026 11:35:32 AM ::1 Returned 200 in 2 ms
 HTTP  8/20/2026 11:35:32 AM ::1 GET /src/components/Innovation/passport.js
 HTTP  8/20/2026 11:35:32 AM ::1 Returned 200 in 2 ms
 HTTP  8/20/2026 11:35:32 AM ::1 GET /src/components/Innovation/compare.js
 HTTP  8/20/2026 11:35:32 AM ::1 GET /src/components/Innovation/heatmap.js
 HTTP  8/20/2026 11:35:32 AM ::1 Returned 200 in 3 ms
 HTTP  8/20/2026 11:35:32 AM ::1 GET /src/components/Innovation/demo.js
 HTTP  8/20/2026 11:35:32 AM ::1 Returned 200 in 2 ms
 HTTP  8/20/2026 11:35:32 AM ::1 GET /src/app.js
 HTTP  8/20/2026 11:35:32 AM ::1 Returned 200 in 2 ms
 HTTP  8/20/2026 11:35:32 AM ::1 Returned 200 in 2 ms
 HTTP  8/20/2026 11:36:19 AM ::1 GET /
 HTTP  8/20/2026 11:36:19 AM ::1 Returned 200 in 1 ms
 HTTP  8/20/2026 11:36:19 AM ::1 GET /src/styles/main.css
 HTTP  8/20/2026 11:36:19 AM ::1 Returned 200 in 1 ms
 HTTP  8/20/2026 11:36:19 AM ::1 GET /src/services/api.js
 HTTP  8/20/2026 11:36:19 AM ::1 Returned 200 in 1 ms
 HTTP  8/20/2026 11:36:19 AM ::1 GET /src/services/chats.js
 HTTP  8/20/2026 11:36:19 AM ::1 GET /src/utils/markdown.js
 HTTP  8/20/2026 11:36:19 AM ::1 GET /src/utils/helpers.js
 HTTP  8/20/2026 11:36:19 AM ::1 Returned 200 in 2 ms
 HTTP  8/20/2026 11:36:19 AM ::1 Returned 200 in 2 ms
 HTTP  8/20/2026 11:36:19 AM ::1 GET /src/components/Tables/renderer.js
 HTTP  8/20/2026 11:36:19 AM ::1 Returned 200 in 2 ms
 HTTP  8/20/2026 11:36:19 AM ::1 GET /src/components/Safety/indicator.js
 HTTP  8/20/2026 11:36:19 AM ::1 Returned 200 in 1 ms
 HTTP  8/20/2026 11:36:19 AM ::1 Returned 200 in 2 ms
 HTTP  8/20/2026 11:36:19 AM ::1 GET /src/components/Chat/message.js
 HTTP  8/20/2026 11:36:19 AM ::1 Returned 200 in 2 ms
 HTTP  8/20/2026 11:36:19 AM ::1 GET /src/components/Chat/input.js
 HTTP  8/20/2026 11:36:19 AM ::1 Returned 200 in 1 ms
 HTTP  8/20/2026 11:36:19 AM ::1 GET /src/components/Evidence/panel.js
 HTTP  8/20/2026 11:36:19 AM ::1 GET /src/components/Evidence/map.js
 HTTP  8/20/2026 11:36:19 AM ::1 GET /src/components/Evidence/conflict.js
 HTTP  8/20/2026 11:36:19 AM ::1 GET /src/components/Citation/list.js
 HTTP  8/20/2026 11:36:19 AM ::1 Returned 200 in 3 ms
 HTTP  8/20/2026 11:36:19 AM ::1 Returned 200 in 3 ms
 HTTP  8/20/2026 11:36:19 AM ::1 Returned 200 in 2 ms
 HTTP  8/20/2026 11:36:19 AM ::1 Returned 200 in 4 ms
 HTTP  8/20/2026 11:36:19 AM ::1 GET /src/components/Confidence/gauge.js
 HTTP  8/20/2026 11:36:19 AM ::1 Returned 200 in 2 ms
 HTTP  8/20/2026 11:36:19 AM ::1 GET /src/components/Verification/status.js
 HTTP  8/20/2026 11:36:19 AM ::1 GET /src/components/Loading/stages.js
 HTTP  8/20/2026 11:36:19 AM ::1 Returned 200 in 2 ms
 HTTP  8/20/2026 11:36:19 AM ::1 GET /src/components/Sources/modal.js
 HTTP  8/20/2026 11:36:19 AM ::1 Returned 200 in 3 ms
 HTTP  8/20/2026 11:36:19 AM ::1 GET /src/components/Explainability/why.js
 HTTP  8/20/2026 11:36:19 AM ::1 GET /src/components/Explainability/pipeline.js
 HTTP  8/20/2026 11:36:19 AM ::1 Returned 200 in 4 ms
 HTTP  8/20/2026 11:36:19 AM ::1 Returned 200 in 2 ms
 HTTP  8/20/2026 11:36:19 AM ::1 GET /src/components/Explainability/howitworks.js
 HTTP  8/20/2026 11:36:19 AM ::1 Returned 200 in 2 ms
 HTTP  8/20/2026 11:36:19 AM ::1 Returned 200 in 1 ms
 HTTP  8/20/2026 11:36:19 AM ::1 GET /src/components/Drawer/evidence-drawer.js
 HTTP  8/20/2026 11:36:19 AM ::1 Returned 200 in 1 ms
 HTTP  8/20/2026 11:36:19 AM ::1 GET /src/components/Sidebar/sources.js
 HTTP  8/20/2026 11:36:19 AM ::1 Returned 200 in 2 ms
 HTTP  8/20/2026 11:36:19 AM ::1 GET /src/components/Innovation/trust.js
 HTTP  8/20/2026 11:36:19 AM ::1 GET /src/components/Innovation/contextcheck.js
 HTTP  8/20/2026 11:36:19 AM ::1 GET /src/components/Innovation/strength.js
 HTTP  8/20/2026 11:36:19 AM ::1 GET /src/components/Innovation/receipt.js
 HTTP  8/20/2026 11:36:19 AM ::1 Returned 200 in 2 ms
 HTTP  8/20/2026 11:36:19 AM ::1 Returned 200 in 2 ms
 HTTP  8/20/2026 11:36:19 AM ::1 Returned 200 in 3 ms
 HTTP  8/20/2026 11:36:19 AM ::1 Returned 200 in 2 ms
 HTTP  8/20/2026 11:36:19 AM ::1 GET /src/components/Innovation/trace.js
 HTTP  8/20/2026 11:36:19 AM ::1 GET /src/components/Innovation/passport.js
 HTTP  8/20/2026 11:36:19 AM ::1 Returned 200 in 3 ms
 HTTP  8/20/2026 11:36:19 AM ::1 GET /src/components/Innovation/compare.js
 HTTP  8/20/2026 11:36:19 AM ::1 GET /src/components/Innovation/heatmap.js
 HTTP  8/20/2026 11:36:19 AM ::1 Returned 200 in 3 ms
 HTTP  8/20/2026 11:36:19 AM ::1 Returned 200 in 2 ms
 HTTP  8/20/2026 11:36:19 AM ::1 GET /src/components/Innovation/demo.js
 HTTP  8/20/2026 11:36:19 AM ::1 GET /src/app.js
 HTTP  8/20/2026 11:36:19 AM ::1 Returned 200 in 3 ms
 HTTP  8/20/2026 11:36:19 AM ::1 Returned 200 in 2 ms
 HTTP  8/20/2026 11:36:19 AM ::1 Returned 200 in 2 ms
 HTTP  8/20/2026 11:39:16 AM ::1 GET /
 HTTP  8/20/2026 11:39:16 AM ::1 Returned 200 in 2 ms
 HTTP  8/20/2026 11:39:16 AM ::1 GET /src/styles/main.css
 HTTP  8/20/2026 11:39:16 AM ::1 Returned 200 in 3 ms
 HTTP  8/20/2026 11:39:16 AM ::1 GET /src/services/api.js
 HTTP  8/20/2026 11:39:16 AM ::1 Returned 200 in 2 ms
 HTTP  8/20/2026 11:39:16 AM ::1 GET /src/services/chats.js
 HTTP  8/20/2026 11:39:16 AM ::1 Returned 200 in 1 ms
 HTTP  8/20/2026 11:39:16 AM ::1 GET /src/utils/markdown.js
 HTTP  8/20/2026 11:39:16 AM ::1 Returned 200 in 1 ms
 HTTP  8/20/2026 11:39:16 AM ::1 GET /src/utils/helpers.js
 HTTP  8/20/2026 11:39:16 AM ::1 GET /src/components/Tables/renderer.js
 HTTP  8/20/2026 11:39:16 AM ::1 Returned 200 in 2 ms
 HTTP  8/20/2026 11:39:16 AM ::1 Returned 200 in 1 ms
 HTTP  8/20/2026 11:39:16 AM ::1 GET /src/components/Safety/indicator.js
 HTTP  8/20/2026 11:39:16 AM ::1 Returned 200 in 1 ms
 HTTP  8/20/2026 11:39:16 AM ::1 GET /src/components/Chat/message.js
 HTTP  8/20/2026 11:39:16 AM ::1 GET /src/components/Chat/input.js
 HTTP  8/20/2026 11:39:16 AM ::1 GET /src/components/Evidence/panel.js
 HTTP  8/20/2026 11:39:16 AM ::1 Returned 200 in 2 ms
 HTTP  8/20/2026 11:39:16 AM ::1 Returned 200 in 2 ms
 HTTP  8/20/2026 11:39:16 AM ::1 GET /src/components/Evidence/map.js
 HTTP  8/20/2026 11:39:16 AM ::1 GET /src/components/Evidence/conflict.js
 HTTP  8/20/2026 11:39:16 AM ::1 Returned 200 in 4 ms
 HTTP  8/20/2026 11:39:16 AM ::1 Returned 200 in 2 ms
 HTTP  8/20/2026 11:39:16 AM ::1 GET /src/components/Citation/list.js
 HTTP  8/20/2026 11:39:16 AM ::1 Returned 200 in 2 ms
 HTTP  8/20/2026 11:39:16 AM ::1 Returned 200 in 2 ms
 HTTP  8/20/2026 11:39:16 AM ::1 GET /src/components/Confidence/gauge.js
 HTTP  8/20/2026 11:39:16 AM ::1 GET /src/components/Verification/status.js
 HTTP  8/20/2026 11:39:16 AM ::1 Returned 200 in 1 ms
 HTTP  8/20/2026 11:39:16 AM ::1 Returned 200 in 1 ms
 HTTP  8/20/2026 11:39:16 AM ::1 GET /src/components/Loading/stages.js
 HTTP  8/20/2026 11:39:16 AM ::1 GET /src/components/Sources/modal.js
 HTTP  8/20/2026 11:39:16 AM ::1 GET /src/components/Explainability/why.js
 HTTP  8/20/2026 11:39:16 AM ::1 Returned 200 in 2 ms
 HTTP  8/20/2026 11:39:16 AM ::1 Returned 200 in 2 ms
 HTTP  8/20/2026 11:39:16 AM ::1 GET /src/components/Explainability/pipeline.js
 HTTP  8/20/2026 11:39:16 AM ::1 Returned 200 in 3 ms
 HTTP  8/20/2026 11:39:16 AM ::1 GET /src/components/Explainability/howitworks.js
 HTTP  8/20/2026 11:39:16 AM ::1 Returned 200 in 2 ms
 HTTP  8/20/2026 11:39:16 AM ::1 Returned 200 in 2 ms
 HTTP  8/20/2026 11:39:16 AM ::1 GET /src/components/Drawer/evidence-drawer.js
 HTTP  8/20/2026 11:39:16 AM ::1 Returned 200 in 2 ms
 HTTP  8/20/2026 11:39:16 AM ::1 GET /src/components/Sidebar/sources.js
 HTTP  8/20/2026 11:39:16 AM ::1 GET /src/components/Innovation/trust.js
 HTTP  8/20/2026 11:39:16 AM ::1 Returned 200 in 2 ms
 HTTP  8/20/2026 11:39:16 AM ::1 GET /src/components/Innovation/contextcheck.js
 HTTP  8/20/2026 11:39:16 AM ::1 Returned 200 in 4 ms
 HTTP  8/20/2026 11:39:16 AM ::1 GET /src/components/Innovation/strength.js
 HTTP  8/20/2026 11:39:16 AM ::1 GET /src/components/Innovation/receipt.js
 HTTP  8/20/2026 11:39:16 AM ::1 Returned 200 in 3 ms
 HTTP  8/20/2026 11:39:16 AM ::1 Returned 200 in 2 ms
 HTTP  8/20/2026 11:39:16 AM ::1 Returned 200 in 2 ms
 HTTP  8/20/2026 11:39:16 AM ::1 GET /src/components/Innovation/trace.js
 HTTP  8/20/2026 11:39:16 AM ::1 GET /src/components/Innovation/passport.js
 HTTP  8/20/2026 11:39:16 AM ::1 GET /src/components/Innovation/compare.js
 HTTP  8/20/2026 11:39:16 AM ::1 Returned 200 in 4 ms
 HTTP  8/20/2026 11:39:16 AM ::1 Returned 200 in 4 ms
 HTTP  8/20/2026 11:39:16 AM ::1 Returned 200 in 4 ms
 HTTP  8/20/2026 11:39:16 AM ::1 GET /src/components/Innovation/heatmap.js
 HTTP  8/20/2026 11:39:16 AM ::1 GET /src/components/Innovation/demo.js
 HTTP  8/20/2026 11:39:16 AM ::1 Returned 200 in 1 ms
 HTTP  8/20/2026 11:39:16 AM ::1 GET /src/app.js
 HTTP  8/20/2026 11:39:16 AM ::1 Returned 200 in 2 ms
 HTTP  8/20/2026 11:39:16 AM ::1 Returned 200 in 2 ms
 HTTP  8/20/2026 11:39:35 AM ::1 GET /
 HTTP  8/20/2026 11:39:35 AM ::1 Returned 200 in 1 ms
 HTTP  8/20/2026 11:39:35 AM ::1 GET /src/styles/main.css
 HTTP  8/20/2026 11:39:35 AM ::1 Returned 200 in 1 ms
 HTTP  8/20/2026 11:39:35 AM ::1 GET /src/services/api.js
 HTTP  8/20/2026 11:39:35 AM ::1 Returned 200 in 1 ms
 HTTP  8/20/2026 11:39:35 AM ::1 GET /src/services/chats.js
 HTTP  8/20/2026 11:39:35 AM ::1 Returned 200 in 1 ms
 HTTP  8/20/2026 11:39:35 AM ::1 GET /src/utils/markdown.js
 HTTP  8/20/2026 11:39:35 AM ::1 GET /src/utils/helpers.js
 HTTP  8/20/2026 11:39:35 AM ::1 Returned 200 in 2 ms
 HTTP  8/20/2026 11:39:35 AM ::1 GET /src/components/Tables/renderer.js
 HTTP  8/20/2026 11:39:35 AM ::1 Returned 200 in 2 ms
 HTTP  8/20/2026 11:39:35 AM ::1 Returned 200 in 1 ms
 HTTP  8/20/2026 11:39:35 AM ::1 GET /src/components/Safety/indicator.js
 HTTP  8/20/2026 11:39:35 AM ::1 Returned 200 in 2 ms
 HTTP  8/20/2026 11:39:35 AM ::1 GET /src/components/Chat/message.js
 HTTP  8/20/2026 11:39:35 AM ::1 GET /src/components/Chat/input.js
 HTTP  8/20/2026 11:39:35 AM ::1 Returned 200 in 3 ms
 HTTP  8/20/2026 11:39:35 AM ::1 GET /src/components/Evidence/panel.js
 HTTP  8/20/2026 11:39:35 AM ::1 Returned 200 in 3 ms
 HTTP  8/20/2026 11:39:35 AM ::1 GET /src/components/Evidence/map.js
 HTTP  8/20/2026 11:39:35 AM ::1 Returned 200 in 2 ms
 HTTP  8/20/2026 11:39:35 AM ::1 GET /src/components/Evidence/conflict.js
 HTTP  8/20/2026 11:39:35 AM ::1 Returned 200 in 2 ms
 HTTP  8/20/2026 11:39:35 AM ::1 Returned 200 in 1 ms
 HTTP  8/20/2026 11:39:35 AM ::1 GET /src/components/Citation/list.js
 HTTP  8/20/2026 11:39:35 AM ::1 GET /src/components/Confidence/gauge.js
 HTTP  8/20/2026 11:39:35 AM ::1 Returned 200 in 2 ms
 HTTP  8/20/2026 11:39:35 AM ::1 Returned 200 in 1 ms
 HTTP  8/20/2026 11:39:35 AM ::1 GET /src/components/Verification/status.js
 HTTP  8/20/2026 11:39:35 AM ::1 GET /src/components/Loading/stages.js
 HTTP  8/20/2026 11:39:35 AM ::1 GET /src/components/Sources/modal.js
 HTTP  8/20/2026 11:39:35 AM ::1 GET /src/components/Explainability/why.js
 HTTP  8/20/2026 11:39:35 AM ::1 Returned 200 in 2 ms
 HTTP  8/20/2026 11:39:35 AM ::1 Returned 200 in 2 ms
 HTTP  8/20/2026 11:39:35 AM ::1 Returned 200 in 2 ms
 HTTP  8/20/2026 11:39:35 AM ::1 Returned 200 in 2 ms
 HTTP  8/20/2026 11:39:35 AM ::1 GET /src/components/Explainability/pipeline.js
 HTTP  8/20/2026 11:39:35 AM ::1 Returned 200 in 3 ms
 HTTP  8/20/2026 11:39:35 AM ::1 GET /src/components/Explainability/howitworks.js
 HTTP  8/20/2026 11:39:35 AM ::1 GET /src/components/Drawer/evidence-drawer.js
 HTTP  8/20/2026 11:39:35 AM ::1 Returned 200 in 1 ms
 HTTP  8/20/2026 11:39:35 AM ::1 Returned 200 in 1 ms
 HTTP  8/20/2026 11:39:35 AM ::1 GET /src/components/Sidebar/sources.js
 HTTP  8/20/2026 11:39:35 AM ::1 GET /src/components/Innovation/trust.js
 HTTP  8/20/2026 11:39:35 AM ::1 Returned 200 in 3 ms
 HTTP  8/20/2026 11:39:35 AM ::1 Returned 200 in 4 ms
 HTTP  8/20/2026 11:39:35 AM ::1 GET /src/components/Innovation/contextcheck.js
 HTTP  8/20/2026 11:39:35 AM ::1 GET /src/components/Innovation/strength.js
 HTTP  8/20/2026 11:39:35 AM ::1 Returned 200 in 2 ms
 HTTP  8/20/2026 11:39:35 AM ::1 Returned 200 in 2 ms
 HTTP  8/20/2026 11:39:35 AM ::1 GET /src/components/Innovation/receipt.js
 HTTP  8/20/2026 11:39:35 AM ::1 Returned 200 in 1 ms
 HTTP  8/20/2026 11:39:35 AM ::1 GET /src/components/Innovation/trace.js
 HTTP  8/20/2026 11:39:35 AM ::1 GET /src/components/Innovation/passport.js
 HTTP  8/20/2026 11:39:35 AM ::1 Returned 200 in 2 ms
 HTTP  8/20/2026 11:39:35 AM ::1 GET /src/components/Innovation/compare.js
 HTTP  8/20/2026 11:39:35 AM ::1 Returned 200 in 2 ms
 HTTP  8/20/2026 11:39:35 AM ::1 GET /src/components/Innovation/heatmap.js
 HTTP  8/20/2026 11:39:35 AM ::1 GET /src/components/Innovation/demo.js
 HTTP  8/20/2026 11:39:35 AM ::1 Returned 200 in 2 ms
 HTTP  8/20/2026 11:39:35 AM ::1 Returned 200 in 2 ms
 HTTP  8/20/2026 11:39:35 AM ::1 Returned 200 in 2 ms
 HTTP  8/20/2026 11:39:35 AM ::1 GET /src/app.js
 HTTP  8/20/2026 11:39:35 AM ::1 Returned 200 in 2 ms
 HTTP  8/20/2026 11:39:36 AM ::1 GET /
 HTTP  8/20/2026 11:39:36 AM ::1 Returned 200 in 1 ms
 HTTP  8/20/2026 11:39:36 AM ::1 GET /src/styles/main.css
 HTTP  8/20/2026 11:39:36 AM ::1 Returned 200 in 3 ms
 HTTP  8/20/2026 11:39:37 AM ::1 GET /src/services/api.js
 HTTP  8/20/2026 11:39:37 AM ::1 GET /src/services/chats.js
 HTTP  8/20/2026 11:39:37 AM ::1 Returned 200 in 1 ms
 HTTP  8/20/2026 11:39:37 AM ::1 Returned 200 in 1 ms
 HTTP  8/20/2026 11:39:37 AM ::1 GET /src/utils/markdown.js
 HTTP  8/20/2026 11:39:37 AM ::1 GET /src/utils/helpers.js
 HTTP  8/20/2026 11:39:37 AM ::1 Returned 200 in 2 ms
 HTTP  8/20/2026 11:39:37 AM ::1 Returned 200 in 2 ms
 HTTP  8/20/2026 11:39:37 AM ::1 GET /src/components/Tables/renderer.js
 HTTP  8/20/2026 11:39:37 AM ::1 Returned 200 in 0 ms
 HTTP  8/20/2026 11:39:37 AM ::1 GET /src/components/Safety/indicator.js
 HTTP  8/20/2026 11:39:37 AM ::1 Returned 200 in 1 ms
 HTTP  8/20/2026 11:39:37 AM ::1 GET /src/components/Chat/message.js
 HTTP  8/20/2026 11:39:37 AM ::1 GET /src/components/Chat/input.js
 HTTP  8/20/2026 11:39:37 AM ::1 Returned 200 in 1 ms
 HTTP  8/20/2026 11:39:37 AM ::1 GET /src/components/Evidence/panel.js
 HTTP  8/20/2026 11:39:37 AM ::1 GET /src/components/Evidence/map.js
 HTTP  8/20/2026 11:39:37 AM ::1 Returned 200 in 3 ms
 HTTP  8/20/2026 11:39:37 AM ::1 Returned 200 in 3 ms
 HTTP  8/20/2026 11:39:37 AM ::1 GET /src/components/Evidence/conflict.js
 HTTP  8/20/2026 11:39:37 AM ::1 GET /src/components/Citation/list.js
 HTTP  8/20/2026 11:39:37 AM ::1 Returned 200 in 3 ms
 HTTP  8/20/2026 11:39:37 AM ::1 Returned 200 in 2 ms
 HTTP  8/20/2026 11:39:37 AM ::1 Returned 200 in 1 ms
 HTTP  8/20/2026 11:39:37 AM ::1 GET /src/components/Confidence/gauge.js
 HTTP  8/20/2026 11:39:37 AM ::1 Returned 200 in 1 ms
 HTTP  8/20/2026 11:39:37 AM ::1 GET /src/components/Verification/status.js
 HTTP  8/20/2026 11:39:37 AM ::1 GET /src/components/Loading/stages.js
 HTTP  8/20/2026 11:39:37 AM ::1 Returned 200 in 1 ms
 HTTP  8/20/2026 11:39:37 AM ::1 GET /src/components/Sources/modal.js
 HTTP  8/20/2026 11:39:37 AM ::1 GET /src/components/Explainability/why.js
 HTTP  8/20/2026 11:39:37 AM ::1 GET /src/components/Explainability/pipeline.js
 HTTP  8/20/2026 11:39:37 AM ::1 Returned 200 in 3 ms
 HTTP  8/20/2026 11:39:37 AM ::1 Returned 200 in 3 ms
 HTTP  8/20/2026 11:39:37 AM ::1 Returned 200 in 3 ms
 HTTP  8/20/2026 11:39:37 AM ::1 Returned 200 in 3 ms
 HTTP  8/20/2026 11:39:37 AM ::1 GET /src/components/Explainability/howitworks.js
 HTTP  8/20/2026 11:39:37 AM ::1 Returned 200 in 1 ms
 HTTP  8/20/2026 11:39:37 AM ::1 GET /src/components/Drawer/evidence-drawer.js
 HTTP  8/20/2026 11:39:37 AM ::1 Returned 200 in 2 ms
 HTTP  8/20/2026 11:39:37 AM ::1 GET /src/components/Sidebar/sources.js
 HTTP  8/20/2026 11:39:37 AM ::1 GET /src/components/Innovation/trust.js
 HTTP  8/20/2026 11:39:37 AM ::1 GET /src/components/Innovation/contextcheck.js
 HTTP  8/20/2026 11:39:37 AM ::1 Returned 200 in 2 ms
 HTTP  8/20/2026 11:39:37 AM ::1 Returned 200 in 2 ms
 HTTP  8/20/2026 11:39:37 AM ::1 GET /src/components/Innovation/strength.js
 HTTP  8/20/2026 11:39:37 AM ::1 GET /src/components/Innovation/receipt.js
 HTTP  8/20/2026 11:39:37 AM ::1 Returned 200 in 3 ms
 HTTP  8/20/2026 11:39:37 AM ::1 Returned 200 in 2 ms
 HTTP  8/20/2026 11:39:37 AM ::1 GET /src/components/Innovation/trace.js
 HTTP  8/20/2026 11:39:37 AM ::1 Returned 200 in 2 ms
 HTTP  8/20/2026 11:39:37 AM ::1 Returned 200 in 1 ms
 HTTP  8/20/2026 11:39:37 AM ::1 GET /src/components/Innovation/passport.js
 HTTP  8/20/2026 11:39:37 AM ::1 Returned 200 in 2 ms
 HTTP  8/20/2026 11:39:37 AM ::1 GET /src/components/Innovation/compare.js
 HTTP  8/20/2026 11:39:37 AM ::1 Returned 200 in 1 ms
 HTTP  8/20/2026 11:39:37 AM ::1 GET /src/components/Innovation/heatmap.js
 HTTP  8/20/2026 11:39:37 AM ::1 Returned 200 in 0 ms
 HTTP  8/20/2026 11:39:37 AM ::1 GET /src/components/Innovation/demo.js
 HTTP  8/20/2026 11:39:37 AM ::1 GET /src/app.js
 HTTP  8/20/2026 11:39:37 AM ::1 Returned 200 in 1 ms
 HTTP  8/20/2026 11:39:37 AM ::1 Returned 200 in 3 ms
 HTTP  8/20/2026 11:39:38 AM ::1 GET /
 HTTP  8/20/2026 11:39:38 AM ::1 Returned 200 in 1 ms
 HTTP  8/20/2026 11:39:38 AM ::1 GET /src/styles/main.css
 HTTP  8/20/2026 11:39:38 AM ::1 Returned 200 in 1 ms
 HTTP  8/20/2026 11:39:38 AM ::1 GET /src/services/api.js
 HTTP  8/20/2026 11:39:38 AM ::1 Returned 200 in 1 ms
 HTTP  8/20/2026 11:39:38 AM ::1 GET /src/services/chats.js
 HTTP  8/20/2026 11:39:38 AM ::1 GET /src/utils/markdown.js
 HTTP  8/20/2026 11:39:38 AM ::1 Returned 200 in 1 ms
 HTTP  8/20/2026 11:39:38 AM ::1 Returned 200 in 2 ms
 HTTP  8/20/2026 11:39:38 AM ::1 GET /src/utils/helpers.js
 HTTP  8/20/2026 11:39:38 AM ::1 GET /src/components/Tables/renderer.js
 HTTP  8/20/2026 11:39:38 AM ::1 GET /src/components/Safety/indicator.js
 HTTP  8/20/2026 11:39:38 AM ::1 Returned 200 in 3 ms
 HTTP  8/20/2026 11:39:38 AM ::1 Returned 200 in 3 ms
 HTTP  8/20/2026 11:39:38 AM ::1 Returned 200 in 3 ms
 HTTP  8/20/2026 11:39:38 AM ::1 GET /src/components/Chat/message.js
 HTTP  8/20/2026 11:39:38 AM ::1 Returned 200 in 2 ms
 HTTP  8/20/2026 11:39:38 AM ::1 GET /src/components/Chat/input.js
 HTTP  8/20/2026 11:39:38 AM ::1 GET /src/components/Evidence/panel.js
 HTTP  8/20/2026 11:39:38 AM ::1 Returned 200 in 3 ms
 HTTP  8/20/2026 11:39:38 AM ::1 GET /src/components/Evidence/map.js
 HTTP  8/20/2026 11:39:38 AM ::1 Returned 200 in 3 ms
 HTTP  8/20/2026 11:39:38 AM ::1 GET /src/components/Evidence/conflict.js
 HTTP  8/20/2026 11:39:38 AM ::1 GET /src/components/Citation/list.js
 HTTP  8/20/2026 11:39:38 AM ::1 Returned 200 in 7 ms
 HTTP  8/20/2026 11:39:38 AM ::1 Returned 200 in 7 ms
 HTTP  8/20/2026 11:39:38 AM ::1 Returned 200 in 3 ms
 HTTP  8/20/2026 11:39:38 AM ::1 GET /src/components/Confidence/gauge.js
 HTTP  8/20/2026 11:39:38 AM ::1 Returned 200 in 2 ms
 HTTP  8/20/2026 11:39:38 AM ::1 GET /src/components/Verification/status.js
 HTTP  8/20/2026 11:39:38 AM ::1 Returned 200 in 2 ms
 HTTP  8/20/2026 11:39:38 AM ::1 GET /src/components/Loading/stages.js
 HTTP  8/20/2026 11:39:38 AM ::1 Returned 200 in 0 ms
 HTTP  8/20/2026 11:39:38 AM ::1 GET /src/components/Sources/modal.js
 HTTP  8/20/2026 11:39:38 AM ::1 Returned 200 in 1 ms
 HTTP  8/20/2026 11:39:38 AM ::1 GET /src/components/Explainability/why.js
 HTTP  8/20/2026 11:39:38 AM ::1 GET /src/components/Explainability/pipeline.js
 HTTP  8/20/2026 11:39:38 AM ::1 GET /src/components/Explainability/howitworks.js
 HTTP  8/20/2026 11:39:38 AM ::1 Returned 200 in 3 ms
 HTTP  8/20/2026 11:39:38 AM ::1 Returned 200 in 2 ms
 HTTP  8/20/2026 11:39:38 AM ::1 GET /src/components/Drawer/evidence-drawer.js
 HTTP  8/20/2026 11:39:38 AM ::1 Returned 200 in 3 ms
 HTTP  8/20/2026 11:39:38 AM ::1 Returned 200 in 2 ms
 HTTP  8/20/2026 11:39:38 AM ::1 GET /src/components/Sidebar/sources.js
 HTTP  8/20/2026 11:39:38 AM ::1 GET /src/components/Innovation/trust.js
 HTTP  8/20/2026 11:39:38 AM ::1 Returned 200 in 3 ms
 HTTP  8/20/2026 11:39:38 AM ::1 Returned 200 in 2 ms
 HTTP  8/20/2026 11:39:38 AM ::1 GET /src/components/Innovation/contextcheck.js
 HTTP  8/20/2026 11:39:38 AM ::1 GET /src/components/Innovation/strength.js
 HTTP  8/20/2026 11:39:38 AM ::1 Returned 200 in 2 ms
 HTTP  8/20/2026 11:39:38 AM ::1 Returned 200 in 3 ms
 HTTP  8/20/2026 11:39:38 AM ::1 GET /src/components/Innovation/receipt.js
 HTTP  8/20/2026 11:39:38 AM ::1 GET /src/components/Innovation/trace.js
 HTTP  8/20/2026 11:39:38 AM ::1 GET /src/components/Innovation/passport.js
 HTTP  8/20/2026 11:39:38 AM ::1 Returned 200 in 2 ms
 HTTP  8/20/2026 11:39:38 AM ::1 Returned 200 in 2 ms
 HTTP  8/20/2026 11:39:38 AM ::1 Returned 200 in 2 ms
 HTTP  8/20/2026 11:39:38 AM ::1 GET /src/components/Innovation/compare.js
 HTTP  8/20/2026 11:39:38 AM ::1 Returned 200 in 2 ms
 HTTP  8/20/2026 11:39:38 AM ::1 GET /src/components/Innovation/heatmap.js
 HTTP  8/20/2026 11:39:38 AM ::1 Returned 200 in 1 ms
 HTTP  8/20/2026 11:39:38 AM ::1 GET /src/components/Innovation/demo.js
 HTTP  8/20/2026 11:39:38 AM ::1 GET /src/app.js
 HTTP  8/20/2026 11:39:38 AM ::1 Returned 200 in 2 ms
 HTTP  8/20/2026 11:39:38 AM ::1 Returned 200 in 1 ms
 HTTP  8/20/2026 11:39:40 AM ::1 GET /
 HTTP  8/20/2026 11:39:40 AM ::1 Returned 200 in 1 ms
 HTTP  8/20/2026 11:39:40 AM ::1 GET /src/styles/main.css
 HTTP  8/20/2026 11:39:40 AM ::1 Returned 200 in 1 ms
 HTTP  8/20/2026 11:39:40 AM ::1 GET /src/services/api.js
 HTTP  8/20/2026 11:39:40 AM ::1 GET /src/services/chats.js
 HTTP  8/20/2026 11:39:40 AM ::1 Returned 200 in 1 ms
 HTTP  8/20/2026 11:39:40 AM ::1 Returned 200 in 1 ms
 HTTP  8/20/2026 11:39:40 AM ::1 GET /src/utils/markdown.js
 HTTP  8/20/2026 11:39:40 AM ::1 GET /src/utils/helpers.js
 HTTP  8/20/2026 11:39:40 AM ::1 Returned 200 in 2 ms
 HTTP  8/20/2026 11:39:40 AM ::1 Returned 200 in 1 ms
 HTTP  8/20/2026 11:39:40 AM ::1 GET /src/components/Tables/renderer.js
 HTTP  8/20/2026 11:39:40 AM ::1 GET /src/components/Safety/indicator.js
 HTTP  8/20/2026 11:39:40 AM ::1 Returned 200 in 2 ms
 HTTP  8/20/2026 11:39:40 AM ::1 Returned 200 in 1 ms
 HTTP  8/20/2026 11:39:40 AM ::1 GET /src/components/Chat/message.js
 HTTP  8/20/2026 11:39:40 AM ::1 GET /src/components/Chat/input.js
 HTTP  8/20/2026 11:39:40 AM ::1 Returned 200 in 3 ms
 HTTP  8/20/2026 11:39:40 AM ::1 Returned 200 in 3 ms
 HTTP  8/20/2026 11:39:40 AM ::1 GET /src/components/Evidence/panel.js
 HTTP  8/20/2026 11:39:40 AM ::1 GET /src/components/Evidence/map.js
 HTTP  8/20/2026 11:39:40 AM ::1 GET /src/components/Evidence/conflict.js
 HTTP  8/20/2026 11:39:40 AM ::1 GET /src/components/Citation/list.js
 HTTP  8/20/2026 11:39:40 AM ::1 Returned 200 in 4 ms
 HTTP  8/20/2026 11:39:40 AM ::1 Returned 200 in 3 ms
 HTTP  8/20/2026 11:39:40 AM ::1 Returned 200 in 3 ms
 HTTP  8/20/2026 11:39:40 AM ::1 Returned 200 in 2 ms
 HTTP  8/20/2026 11:39:40 AM ::1 GET /src/components/Confidence/gauge.js
 HTTP  8/20/2026 11:39:40 AM ::1 Returned 200 in 2 ms
 HTTP  8/20/2026 11:39:40 AM ::1 GET /src/components/Verification/status.js
 HTTP  8/20/2026 11:39:40 AM ::1 GET /src/components/Loading/stages.js
 HTTP  8/20/2026 11:39:40 AM ::1 Returned 200 in 2 ms
 HTTP  8/20/2026 11:39:40 AM ::1 GET /src/components/Sources/modal.js
 HTTP  8/20/2026 11:39:40 AM ::1 Returned 200 in 2 ms
 HTTP  8/20/2026 11:39:40 AM ::1 GET /src/components/Explainability/why.js
 HTTP  8/20/2026 11:39:40 AM ::1 GET /src/components/Explainability/pipeline.js
 HTTP  8/20/2026 11:39:40 AM ::1 Returned 200 in 2 ms
 HTTP  8/20/2026 11:39:40 AM ::1 Returned 200 in 2 ms
 HTTP  8/20/2026 11:39:40 AM ::1 GET /src/components/Explainability/howitworks.js
 HTTP  8/20/2026 11:39:40 AM ::1 Returned 200 in 2 ms
 HTTP  8/20/2026 11:39:40 AM ::1 Returned 200 in 1 ms
 HTTP  8/20/2026 11:39:40 AM ::1 GET /src/components/Drawer/evidence-drawer.js
 HTTP  8/20/2026 11:39:40 AM ::1 GET /src/components/Sidebar/sources.js
 HTTP  8/20/2026 11:39:40 AM ::1 Returned 200 in 1 ms
 HTTP  8/20/2026 11:39:40 AM ::1 Returned 200 in 1 ms
 HTTP  8/20/2026 11:39:40 AM ::1 GET /src/components/Innovation/trust.js
 HTTP  8/20/2026 11:39:40 AM ::1 GET /src/components/Innovation/contextcheck.js
 HTTP  8/20/2026 11:39:40 AM ::1 GET /src/components/Innovation/strength.js
 HTTP  8/20/2026 11:39:40 AM ::1 GET /src/components/Innovation/receipt.js
 HTTP  8/20/2026 11:39:40 AM ::1 Returned 200 in 3 ms
 HTTP  8/20/2026 11:39:40 AM ::1 Returned 200 in 2 ms
 HTTP  8/20/2026 11:39:40 AM ::1 Returned 200 in 3 ms
 HTTP  8/20/2026 11:39:40 AM ::1 Returned 200 in 3 ms
 HTTP  8/20/2026 11:39:40 AM ::1 GET /src/components/Innovation/trace.js
 HTTP  8/20/2026 11:39:40 AM ::1 Returned 200 in 2 ms
 HTTP  8/20/2026 11:39:40 AM ::1 GET /src/components/Innovation/passport.js
 HTTP  8/20/2026 11:39:40 AM ::1 Returned 200 in 0 ms
 HTTP  8/20/2026 11:39:40 AM ::1 GET /src/components/Innovation/compare.js
 HTTP  8/20/2026 11:39:40 AM ::1 GET /src/components/Innovation/heatmap.js
 HTTP  8/20/2026 11:39:40 AM ::1 GET /src/components/Innovation/demo.js
 HTTP  8/20/2026 11:39:40 AM ::1 GET /src/app.js
 HTTP  8/20/2026 11:39:40 AM ::1 Returned 200 in 2 ms
 HTTP  8/20/2026 11:39:40 AM ::1 Returned 200 in 3 ms
 HTTP  8/20/2026 11:39:40 AM ::1 Returned 200 in 2 ms
 HTTP  8/20/2026 11:39:40 AM ::1 Returned 200 in 2 ms
 HTTP  8/20/2026 11:39:42 AM ::1 GET /
 HTTP  8/20/2026 11:39:42 AM ::1 Returned 200 in 1 ms
 HTTP  8/20/2026 11:39:42 AM ::1 GET /src/styles/main.css
 HTTP  8/20/2026 11:39:42 AM ::1 Returned 200 in 2 ms
 HTTP  8/20/2026 11:39:42 AM ::1 GET /src/services/api.js
 HTTP  8/20/2026 11:39:42 AM ::1 Returned 200 in 1 ms
 HTTP  8/20/2026 11:39:42 AM ::1 GET /src/services/chats.js
 HTTP  8/20/2026 11:39:42 AM ::1 Returned 200 in 1 ms
 HTTP  8/20/2026 11:39:42 AM ::1 GET /src/utils/markdown.js
 HTTP  8/20/2026 11:39:42 AM ::1 Returned 200 in 1 ms
 HTTP  8/20/2026 11:39:42 AM ::1 GET /src/utils/helpers.js
 HTTP  8/20/2026 11:39:42 AM ::1 Returned 200 in 1 ms
 HTTP  8/20/2026 11:39:42 AM ::1 GET /src/components/Tables/renderer.js
 HTTP  8/20/2026 11:39:42 AM ::1 Returned 200 in 1 ms
 HTTP  8/20/2026 11:39:42 AM ::1 GET /src/components/Safety/indicator.js
 HTTP  8/20/2026 11:39:42 AM ::1 Returned 200 in 1 ms
 HTTP  8/20/2026 11:39:42 AM ::1 GET /src/components/Chat/message.js
 HTTP  8/20/2026 11:39:42 AM ::1 GET /src/components/Chat/input.js
 HTTP  8/20/2026 11:39:42 AM ::1 Returned 200 in 1 ms
 HTTP  8/20/2026 11:39:42 AM ::1 GET /src/components/Evidence/panel.js
 HTTP  8/20/2026 11:39:42 AM ::1 GET /src/components/Evidence/map.js
 HTTP  8/20/2026 11:39:42 AM ::1 GET /src/components/Evidence/conflict.js
 HTTP  8/20/2026 11:39:42 AM ::1 Returned 200 in 2 ms
 HTTP  8/20/2026 11:39:42 AM ::1 Returned 200 in 2 ms
 HTTP  8/20/2026 11:39:42 AM ::1 Returned 200 in 2 ms
 HTTP  8/20/2026 11:39:42 AM ::1 GET /src/components/Citation/list.js
 HTTP  8/20/2026 11:39:42 AM ::1 Returned 200 in 3 ms
 HTTP  8/20/2026 11:39:42 AM ::1 Returned 200 in 1 ms
 HTTP  8/20/2026 11:39:42 AM ::1 GET /src/components/Confidence/gauge.js
 HTTP  8/20/2026 11:39:42 AM ::1 Returned 200 in 1 ms
 HTTP  8/20/2026 11:39:42 AM ::1 GET /src/components/Verification/status.js
 HTTP  8/20/2026 11:39:42 AM ::1 GET /src/components/Loading/stages.js
 HTTP  8/20/2026 11:39:42 AM ::1 GET /src/components/Sources/modal.js
 HTTP  8/20/2026 11:39:42 AM ::1 GET /src/components/Explainability/why.js
 HTTP  8/20/2026 11:39:42 AM ::1 Returned 200 in 4 ms
 HTTP  8/20/2026 11:39:42 AM ::1 Returned 200 in 3 ms
 HTTP  8/20/2026 11:39:42 AM ::1 Returned 200 in 3 ms
 HTTP  8/20/2026 11:39:42 AM ::1 GET /src/components/Explainability/pipeline.js
 HTTP  8/20/2026 11:39:42 AM ::1 Returned 200 in 3 ms
 HTTP  8/20/2026 11:39:42 AM ::1 GET /src/components/Explainability/howitworks.js
 HTTP  8/20/2026 11:39:42 AM ::1 Returned 200 in 2 ms
 HTTP  8/20/2026 11:39:42 AM ::1 Returned 200 in 2 ms
 HTTP  8/20/2026 11:39:42 AM ::1 GET /src/components/Drawer/evidence-drawer.js
 HTTP  8/20/2026 11:39:42 AM ::1 Returned 200 in 1 ms
 HTTP  8/20/2026 11:39:42 AM ::1 GET /src/components/Sidebar/sources.js
 HTTP  8/20/2026 11:39:42 AM ::1 GET /src/components/Innovation/trust.js
 HTTP  8/20/2026 11:39:42 AM ::1 Returned 200 in 2 ms
 HTTP  8/20/2026 11:39:42 AM ::1 GET /src/components/Innovation/contextcheck.js
 HTTP  8/20/2026 11:39:42 AM ::1 Returned 200 in 2 ms
 HTTP  8/20/2026 11:39:42 AM ::1 GET /src/components/Innovation/strength.js
 HTTP  8/20/2026 11:39:42 AM ::1 GET /src/components/Innovation/receipt.js
 HTTP  8/20/2026 11:39:42 AM ::1 GET /src/components/Innovation/trace.js
 HTTP  8/20/2026 11:39:42 AM ::1 Returned 200 in 3 ms
 HTTP  8/20/2026 11:39:42 AM ::1 Returned 200 in 2 ms
 HTTP  8/20/2026 11:39:42 AM ::1 Returned 200 in 3 ms
 HTTP  8/20/2026 11:39:42 AM ::1 Returned 200 in 2 ms
 HTTP  8/20/2026 11:39:42 AM ::1 GET /src/components/Innovation/passport.js
 HTTP  8/20/2026 11:39:42 AM ::1 Returned 200 in 1 ms
 HTTP  8/20/2026 11:39:42 AM ::1 GET /src/components/Innovation/compare.js
 HTTP  8/20/2026 11:39:42 AM ::1 GET /src/components/Innovation/heatmap.js
 HTTP  8/20/2026 11:39:42 AM ::1 GET /src/components/Innovation/demo.js
 HTTP  8/20/2026 11:39:42 AM ::1 Returned 200 in 2 ms
 HTTP  8/20/2026 11:39:42 AM ::1 Returned 200 in 2 ms
 HTTP  8/20/2026 11:39:42 AM ::1 GET /src/app.js
 HTTP  8/20/2026 11:39:42 AM ::1 Returned 200 in 2 ms
 HTTP  8/20/2026 11:39:42 AM ::1 Returned 200 in 1 ms
 HTTP  8/20/2026 11:40:43 AM ::1 GET /
 HTTP  8/20/2026 11:40:43 AM ::1 Returned 200 in 1 ms
 HTTP  8/20/2026 11:40:43 AM ::1 GET /src/styles/main.css
 HTTP  8/20/2026 11:40:43 AM ::1 Returned 200 in 2 ms
 HTTP  8/20/2026 11:40:43 AM ::1 GET /src/services/api.js
 HTTP  8/20/2026 11:40:43 AM ::1 Returned 200 in 1 ms
 HTTP  8/20/2026 11:40:43 AM ::1 GET /src/services/chats.js
 HTTP  8/20/2026 11:40:43 AM ::1 GET /src/utils/markdown.js
 HTTP  8/20/2026 11:40:43 AM ::1 Returned 200 in 1 ms
 HTTP  8/20/2026 11:40:43 AM ::1 GET /src/utils/helpers.js
 HTTP  8/20/2026 11:40:43 AM ::1 Returned 200 in 1 ms
 HTTP  8/20/2026 11:40:43 AM ::1 Returned 200 in 3 ms
 HTTP  8/20/2026 11:40:43 AM ::1 GET /src/components/Tables/renderer.js
 HTTP  8/20/2026 11:40:43 AM ::1 GET /src/components/Safety/indicator.js
 HTTP  8/20/2026 11:40:43 AM ::1 Returned 200 in 2 ms
 HTTP  8/20/2026 11:40:43 AM ::1 Returned 200 in 2 ms
 HTTP  8/20/2026 11:40:43 AM ::1 GET /src/components/Chat/message.js
 HTTP  8/20/2026 11:40:43 AM ::1 Returned 200 in 1 ms
 HTTP  8/20/2026 11:40:43 AM ::1 GET /src/components/Chat/input.js
 HTTP  8/20/2026 11:40:43 AM ::1 GET /src/components/Evidence/panel.js
 HTTP  8/20/2026 11:40:43 AM ::1 GET /src/components/Evidence/map.js
 HTTP  8/20/2026 11:40:43 AM ::1 Returned 200 in 4 ms
 HTTP  8/20/2026 11:40:43 AM ::1 Returned 200 in 2 ms
 HTTP  8/20/2026 11:40:43 AM ::1 GET /src/components/Evidence/conflict.js
 HTTP  8/20/2026 11:40:43 AM ::1 GET /src/components/Citation/list.js
 HTTP  8/20/2026 11:40:43 AM ::1 Returned 200 in 3 ms
 HTTP  8/20/2026 11:40:43 AM ::1 Returned 200 in 1 ms
 HTTP  8/20/2026 11:40:43 AM ::1 Returned 200 in 2 ms
 HTTP  8/20/2026 11:40:43 AM ::1 GET /src/components/Confidence/gauge.js
 HTTP  8/20/2026 11:40:43 AM ::1 Returned 200 in 1 ms
 HTTP  8/20/2026 11:40:43 AM ::1 GET /src/components/Verification/status.js
 HTTP  8/20/2026 11:40:43 AM ::1 GET /src/components/Loading/stages.js
 HTTP  8/20/2026 11:40:43 AM ::1 Returned 200 in 1 ms
 HTTP  8/20/2026 11:40:43 AM ::1 GET /src/components/Sources/modal.js
 HTTP  8/20/2026 11:40:43 AM ::1 GET /src/components/Explainability/why.js
 HTTP  8/20/2026 11:40:43 AM ::1 GET /src/components/Explainability/pipeline.js
 HTTP  8/20/2026 11:40:43 AM ::1 Returned 200 in 3 ms
 HTTP  8/20/2026 11:40:43 AM ::1 Returned 200 in 2 ms
 HTTP  8/20/2026 11:40:43 AM ::1 Returned 200 in 1 ms
 HTTP  8/20/2026 11:40:43 AM ::1 Returned 200 in 2 ms
 HTTP  8/20/2026 11:40:43 AM ::1 GET /src/components/Explainability/howitworks.js
 HTTP  8/20/2026 11:40:43 AM ::1 Returned 200 in 1 ms
 HTTP  8/20/2026 11:40:43 AM ::1 GET /src/components/Drawer/evidence-drawer.js
 HTTP  8/20/2026 11:40:43 AM ::1 GET /src/components/Sidebar/sources.js
 HTTP  8/20/2026 11:40:43 AM ::1 Returned 200 in 2 ms
 HTTP  8/20/2026 11:40:43 AM ::1 GET /src/components/Innovation/trust.js
 HTTP  8/20/2026 11:40:43 AM ::1 GET /src/components/Innovation/contextcheck.js
 HTTP  8/20/2026 11:40:43 AM ::1 Returned 200 in 2 ms
 HTTP  8/20/2026 11:40:43 AM ::1 Returned 200 in 2 ms
 HTTP  8/20/2026 11:40:43 AM ::1 GET /src/components/Innovation/strength.js
 HTTP  8/20/2026 11:40:43 AM ::1 GET /src/components/Innovation/receipt.js
 HTTP  8/20/2026 11:40:43 AM ::1 Returned 200 in 2 ms
 HTTP  8/20/2026 11:40:43 AM ::1 Returned 200 in 2 ms
 HTTP  8/20/2026 11:40:43 AM ::1 Returned 200 in 2 ms
 HTTP  8/20/2026 11:40:43 AM ::1 GET /src/components/Innovation/trace.js
 HTTP  8/20/2026 11:40:43 AM ::1 Returned 200 in 2 ms
 HTTP  8/20/2026 11:40:43 AM ::1 GET /src/components/Innovation/passport.js
 HTTP  8/20/2026 11:40:43 AM ::1 Returned 200 in 2 ms
 HTTP  8/20/2026 11:40:43 AM ::1 GET /src/components/Innovation/compare.js
 HTTP  8/20/2026 11:40:43 AM ::1 GET /src/components/Innovation/heatmap.js
 HTTP  8/20/2026 11:40:43 AM ::1 Returned 200 in 2 ms
 HTTP  8/20/2026 11:40:43 AM ::1 GET /src/components/Innovation/demo.js
 HTTP  8/20/2026 11:40:43 AM ::1 GET /src/app.js
 HTTP  8/20/2026 11:40:43 AM ::1 Returned 200 in 2 ms
 HTTP  8/20/2026 11:40:43 AM ::1 Returned 200 in 2 ms
 HTTP  8/20/2026 11:40:43 AM ::1 Returned 200 in 1 ms
 HTTP  8/20/2026 11:41:02 AM ::1 GET /
 HTTP  8/20/2026 11:41:02 AM ::1 Returned 200 in 1 ms
 HTTP  8/20/2026 11:41:02 AM ::1 GET /src/styles/main.css
 HTTP  8/20/2026 11:41:02 AM ::1 Returned 200 in 2 ms
 HTTP  8/20/2026 11:41:02 AM ::1 GET /src/services/api.js
 HTTP  8/20/2026 11:41:02 AM ::1 Returned 200 in 1 ms
 HTTP  8/20/2026 11:41:02 AM ::1 GET /src/services/chats.js
 HTTP  8/20/2026 11:41:02 AM ::1 Returned 200 in 1 ms
 HTTP  8/20/2026 11:41:02 AM ::1 GET /src/utils/markdown.js
 HTTP  8/20/2026 11:41:02 AM ::1 Returned 200 in 1 ms
 HTTP  8/20/2026 11:41:02 AM ::1 GET /src/utils/helpers.js
 HTTP  8/20/2026 11:41:02 AM ::1 Returned 200 in 1 ms
 HTTP  8/20/2026 11:41:02 AM ::1 GET /src/components/Tables/renderer.js
 HTTP  8/20/2026 11:41:02 AM ::1 Returned 200 in 1 ms
 HTTP  8/20/2026 11:41:02 AM ::1 GET /src/components/Safety/indicator.js
 HTTP  8/20/2026 11:41:02 AM ::1 Returned 200 in 1 ms
 HTTP  8/20/2026 11:41:02 AM ::1 GET /src/components/Chat/message.js
 HTTP  8/20/2026 11:41:02 AM ::1 Returned 200 in 1 ms
 HTTP  8/20/2026 11:41:02 AM ::1 GET /src/components/Chat/input.js
 HTTP  8/20/2026 11:41:02 AM ::1 GET /src/components/Evidence/panel.js
 HTTP  8/20/2026 11:41:02 AM ::1 Returned 200 in 1 ms
 HTTP  8/20/2026 11:41:02 AM ::1 GET /src/components/Evidence/map.js
 HTTP  8/20/2026 11:41:02 AM ::1 Returned 200 in 2 ms
 HTTP  8/20/2026 11:41:02 AM ::1 GET /src/components/Evidence/conflict.js
 HTTP  8/20/2026 11:41:02 AM ::1 GET /src/components/Citation/list.js
 HTTP  8/20/2026 11:41:02 AM ::1 Returned 200 in 1 ms
 HTTP  8/20/2026 11:41:02 AM ::1 Returned 200 in 2 ms
 HTTP  8/20/2026 11:41:02 AM ::1 GET /src/components/Confidence/gauge.js
 HTTP  8/20/2026 11:41:02 AM ::1 Returned 200 in 2 ms
 HTTP  8/20/2026 11:41:02 AM ::1 Returned 200 in 1 ms
 HTTP  8/20/2026 11:41:03 AM ::1 GET /src/components/Verification/status.js
 HTTP  8/20/2026 11:41:03 AM ::1 Returned 200 in 2 ms
 HTTP  8/20/2026 11:41:03 AM ::1 GET /src/components/Loading/stages.js
 HTTP  8/20/2026 11:41:03 AM ::1 GET /src/components/Sources/modal.js
 HTTP  8/20/2026 11:41:03 AM ::1 Returned 200 in 1 ms
 HTTP  8/20/2026 11:41:03 AM ::1 GET /src/components/Explainability/why.js
 HTTP  8/20/2026 11:41:03 AM ::1 Returned 200 in 4 ms
 HTTP  8/20/2026 11:41:03 AM ::1 Returned 200 in 3 ms
 HTTP  8/20/2026 11:41:03 AM ::1 GET /src/components/Explainability/pipeline.js
 HTTP  8/20/2026 11:41:03 AM ::1 GET /src/components/Explainability/howitworks.js
 HTTP  8/20/2026 11:41:03 AM ::1 GET /src/components/Drawer/evidence-drawer.js
 HTTP  8/20/2026 11:41:03 AM ::1 Returned 200 in 2 ms
 HTTP  8/20/2026 11:41:03 AM ::1 Returned 200 in 1 ms
 HTTP  8/20/2026 11:41:03 AM ::1 Returned 200 in 1 ms
 HTTP  8/20/2026 11:41:03 AM ::1 GET /src/components/Sidebar/sources.js
 HTTP  8/20/2026 11:41:03 AM ::1 GET /src/components/Innovation/trust.js
 HTTP  8/20/2026 11:41:03 AM ::1 GET /src/components/Innovation/contextcheck.js
 HTTP  8/20/2026 11:41:03 AM ::1 Returned 200 in 2 ms
 HTTP  8/20/2026 11:41:03 AM ::1 Returned 200 in 2 ms
 HTTP  8/20/2026 11:41:03 AM ::1 GET /src/components/Innovation/strength.js
 HTTP  8/20/2026 11:41:03 AM ::1 GET /src/components/Innovation/receipt.js
 HTTP  8/20/2026 11:41:03 AM ::1 GET /src/components/Innovation/trace.js
 HTTP  8/20/2026 11:41:03 AM ::1 Returned 200 in 2 ms
 HTTP  8/20/2026 11:41:03 AM ::1 Returned 200 in 2 ms
 HTTP  8/20/2026 11:41:03 AM ::1 Returned 200 in 1 ms
 HTTP  8/20/2026 11:41:03 AM ::1 Returned 200 in 1 ms
 HTTP  8/20/2026 11:41:03 AM ::1 GET /src/components/Innovation/passport.js
 HTTP  8/20/2026 11:41:03 AM ::1 Returned 200 in 1 ms
 HTTP  8/20/2026 11:41:03 AM ::1 GET /src/components/Innovation/compare.js
 HTTP  8/20/2026 11:41:03 AM ::1 GET /src/components/Innovation/heatmap.js
 HTTP  8/20/2026 11:41:03 AM ::1 Returned 200 in 2 ms
 HTTP  8/20/2026 11:41:03 AM ::1 Returned 200 in 1 ms
 HTTP  8/20/2026 11:41:03 AM ::1 GET /src/components/Innovation/demo.js
 HTTP  8/20/2026 11:41:03 AM ::1 GET /src/app.js
 HTTP  8/20/2026 11:41:03 AM ::1 Returned 200 in 1 ms
 HTTP  8/20/2026 11:41:03 AM ::1 Returned 200 in 1 ms
 HTTP  8/20/2026 11:41:04 AM ::1 GET /
 HTTP  8/20/2026 11:41:04 AM ::1 Returned 200 in 1 ms
 HTTP  8/20/2026 11:41:04 AM ::1 GET /src/styles/main.css
 HTTP  8/20/2026 11:41:04 AM ::1 Returned 200 in 2 ms
 HTTP  8/20/2026 11:41:04 AM ::1 GET /src/services/api.js
 HTTP  8/20/2026 11:41:04 AM ::1 Returned 200 in 2 ms
 HTTP  8/20/2026 11:41:04 AM ::1 GET /src/services/chats.js
 HTTP  8/20/2026 11:41:04 AM ::1 Returned 200 in 1 ms
 HTTP  8/20/2026 11:41:04 AM ::1 GET /src/utils/markdown.js
 HTTP  8/20/2026 11:41:04 AM ::1 Returned 200 in 0 ms
 HTTP  8/20/2026 11:41:04 AM ::1 GET /src/utils/helpers.js
 HTTP  8/20/2026 11:41:04 AM ::1 GET /src/components/Tables/renderer.js
 HTTP  8/20/2026 11:41:04 AM ::1 Returned 200 in 1 ms
 HTTP  8/20/2026 11:41:04 AM ::1 GET /src/components/Safety/indicator.js
 HTTP  8/20/2026 11:41:04 AM ::1 Returned 200 in 4 ms
 HTTP  8/20/2026 11:41:04 AM ::1 Returned 200 in 3 ms
 HTTP  8/20/2026 11:41:04 AM ::1 GET /src/components/Chat/message.js
 HTTP  8/20/2026 11:41:04 AM ::1 GET /src/components/Chat/input.js
 HTTP  8/20/2026 11:41:04 AM ::1 Returned 200 in 1 ms
 HTTP  8/20/2026 11:41:04 AM ::1 Returned 200 in 1 ms
 HTTP  8/20/2026 11:41:04 AM ::1 GET /src/components/Evidence/panel.js
 HTTP  8/20/2026 11:41:04 AM ::1 GET /src/components/Evidence/map.js
 HTTP  8/20/2026 11:41:04 AM ::1 Returned 200 in 1 ms
 HTTP  8/20/2026 11:41:04 AM ::1 Returned 200 in 1 ms
 HTTP  8/20/2026 11:41:04 AM ::1 GET /src/components/Evidence/conflict.js
 HTTP  8/20/2026 11:41:04 AM ::1 GET /src/components/Citation/list.js
 HTTP  8/20/2026 11:41:04 AM ::1 Returned 200 in 3 ms
 HTTP  8/20/2026 11:41:04 AM ::1 Returned 200 in 1 ms
 HTTP  8/20/2026 11:41:04 AM ::1 GET /src/components/Confidence/gauge.js
 HTTP  8/20/2026 11:41:04 AM ::1 GET /src/components/Verification/status.js
 HTTP  8/20/2026 11:41:04 AM ::1 Returned 200 in 2 ms
 HTTP  8/20/2026 11:41:04 AM ::1 Returned 200 in 2 ms
 HTTP  8/20/2026 11:41:04 AM ::1 GET /src/components/Loading/stages.js
 HTTP  8/20/2026 11:41:04 AM ::1 GET /src/components/Sources/modal.js
 HTTP  8/20/2026 11:41:04 AM ::1 Returned 200 in 1 ms
 HTTP  8/20/2026 11:41:04 AM ::1 Returned 200 in 1 ms
 HTTP  8/20/2026 11:41:04 AM ::1 GET /src/components/Explainability/why.js
 HTTP  8/20/2026 11:41:04 AM ::1 GET /src/components/Explainability/pipeline.js
 HTTP  8/20/2026 11:41:04 AM ::1 GET /src/components/Explainability/howitworks.js
 HTTP  8/20/2026 11:41:04 AM ::1 GET /src/components/Drawer/evidence-drawer.js
 HTTP  8/20/2026 11:41:04 AM ::1 Returned 200 in 2 ms
 HTTP  8/20/2026 11:41:04 AM ::1 Returned 200 in 2 ms
 HTTP  8/20/2026 11:41:04 AM ::1 Returned 200 in 2 ms
 HTTP  8/20/2026 11:41:04 AM ::1 Returned 200 in 2 ms
 HTTP  8/20/2026 11:41:04 AM ::1 GET /src/components/Sidebar/sources.js
 HTTP  8/20/2026 11:41:04 AM ::1 Returned 200 in 0 ms
 HTTP  8/20/2026 11:41:04 AM ::1 GET /src/components/Innovation/trust.js
 HTTP  8/20/2026 11:41:04 AM ::1 GET /src/components/Innovation/contextcheck.js
 HTTP  8/20/2026 11:41:04 AM ::1 GET /src/components/Innovation/strength.js
 HTTP  8/20/2026 11:41:04 AM ::1 Returned 200 in 1 ms
 HTTP  8/20/2026 11:41:04 AM ::1 Returned 200 in 2 ms
 HTTP  8/20/2026 11:41:04 AM ::1 GET /src/components/Innovation/receipt.js
 HTTP  8/20/2026 11:41:04 AM ::1 GET /src/components/Innovation/trace.js
 HTTP  8/20/2026 11:41:04 AM ::1 Returned 200 in 2 ms
 HTTP  8/20/2026 11:41:04 AM ::1 Returned 200 in 2 ms
 HTTP  8/20/2026 11:41:04 AM ::1 GET /src/components/Innovation/passport.js
 HTTP  8/20/2026 11:41:04 AM ::1 Returned 200 in 2 ms
 HTTP  8/20/2026 11:41:04 AM ::1 Returned 200 in 1 ms
 HTTP  8/20/2026 11:41:04 AM ::1 GET /src/components/Innovation/compare.js
 HTTP  8/20/2026 11:41:04 AM ::1 GET /src/components/Innovation/heatmap.js
 HTTP  8/20/2026 11:41:04 AM ::1 GET /src/components/Innovation/demo.js
 HTTP  8/20/2026 11:41:04 AM ::1 GET /src/app.js
 HTTP  8/20/2026 11:41:04 AM ::1 Returned 200 in 2 ms
 HTTP  8/20/2026 11:41:04 AM ::1 Returned 200 in 3 ms
 HTTP  8/20/2026 11:41:04 AM ::1 Returned 200 in 2 ms
 HTTP  8/20/2026 11:41:04 AM ::1 Returned 200 in 3 ms
 HTTP  8/20/2026 11:41:06 AM ::1 GET /
 HTTP  8/20/2026 11:41:06 AM ::1 Returned 200 in 1 ms
 HTTP  8/20/2026 11:41:06 AM ::1 GET /src/styles/main.css
 HTTP  8/20/2026 11:41:06 AM ::1 Returned 200 in 1 ms
 HTTP  8/20/2026 11:41:06 AM ::1 GET /src/services/api.js
 HTTP  8/20/2026 11:41:06 AM ::1 Returned 200 in 1 ms
 HTTP  8/20/2026 11:41:06 AM ::1 GET /src/services/chats.js
 HTTP  8/20/2026 11:41:06 AM ::1 Returned 200 in 1 ms
 HTTP  8/20/2026 11:41:06 AM ::1 GET /src/utils/markdown.js
 HTTP  8/20/2026 11:41:06 AM ::1 GET /src/utils/helpers.js
 HTTP  8/20/2026 11:41:06 AM ::1 Returned 200 in 1 ms
 HTTP  8/20/2026 11:41:06 AM ::1 Returned 200 in 2 ms
 HTTP  8/20/2026 11:41:06 AM ::1 GET /src/components/Tables/renderer.js
 HTTP  8/20/2026 11:41:06 AM ::1 GET /src/components/Safety/indicator.js
 HTTP  8/20/2026 11:41:06 AM ::1 Returned 200 in 2 ms
 HTTP  8/20/2026 11:41:06 AM ::1 Returned 200 in 1 ms
 HTTP  8/20/2026 11:41:06 AM ::1 GET /src/components/Chat/message.js
 HTTP  8/20/2026 11:41:06 AM ::1 GET /src/components/Chat/input.js
 HTTP  8/20/2026 11:41:06 AM ::1 Returned 200 in 2 ms
 HTTP  8/20/2026 11:41:06 AM ::1 Returned 200 in 3 ms
 HTTP  8/20/2026 11:41:06 AM ::1 GET /src/components/Evidence/panel.js
 HTTP  8/20/2026 11:41:06 AM ::1 GET /src/components/Evidence/map.js
 HTTP  8/20/2026 11:41:06 AM ::1 Returned 200 in 1 ms
 HTTP  8/20/2026 11:41:06 AM ::1 Returned 200 in 2 ms
 HTTP  8/20/2026 11:41:06 AM ::1 GET /src/components/Evidence/conflict.js
 HTTP  8/20/2026 11:41:06 AM ::1 GET /src/components/Citation/list.js
 HTTP  8/20/2026 11:41:06 AM ::1 Returned 200 in 2 ms
 HTTP  8/20/2026 11:41:06 AM ::1 Returned 200 in 2 ms
 HTTP  8/20/2026 11:41:06 AM ::1 GET /src/components/Confidence/gauge.js
 HTTP  8/20/2026 11:41:06 AM ::1 GET /src/components/Verification/status.js
 HTTP  8/20/2026 11:41:06 AM ::1 Returned 200 in 2 ms
 HTTP  8/20/2026 11:41:06 AM ::1 Returned 200 in 3 ms
 HTTP  8/20/2026 11:41:06 AM ::1 GET /src/components/Loading/stages.js
 HTTP  8/20/2026 11:41:06 AM ::1 GET /src/components/Sources/modal.js
 HTTP  8/20/2026 11:41:06 AM ::1 Returned 200 in 1 ms
 HTTP  8/20/2026 11:41:06 AM ::1 Returned 200 in 2 ms
 HTTP  8/20/2026 11:41:06 AM ::1 GET /src/components/Explainability/why.js
 HTTP  8/20/2026 11:41:06 AM ::1 GET /src/components/Explainability/pipeline.js
 HTTP  8/20/2026 11:41:06 AM ::1 Returned 200 in 1 ms
 HTTP  8/20/2026 11:41:06 AM ::1 GET /src/components/Explainability/howitworks.js
 HTTP  8/20/2026 11:41:06 AM ::1 Returned 200 in 1 ms
 HTTP  8/20/2026 11:41:06 AM ::1 Returned 200 in 1 ms
 HTTP  8/20/2026 11:41:06 AM ::1 GET /src/components/Drawer/evidence-drawer.js
 HTTP  8/20/2026 11:41:06 AM ::1 Returned 200 in 2 ms
 HTTP  8/20/2026 11:41:06 AM ::1 GET /src/components/Sidebar/sources.js
 HTTP  8/20/2026 11:41:06 AM ::1 Returned 200 in 1 ms
 HTTP  8/20/2026 11:41:06 AM ::1 GET /src/components/Innovation/trust.js
 HTTP  8/20/2026 11:41:06 AM ::1 GET /src/components/Innovation/contextcheck.js
 HTTP  8/20/2026 11:41:06 AM ::1 Returned 200 in 2 ms
 HTTP  8/20/2026 11:41:06 AM ::1 GET /src/components/Innovation/strength.js
 HTTP  8/20/2026 11:41:06 AM ::1 Returned 200 in 2 ms
 HTTP  8/20/2026 11:41:06 AM ::1 GET /src/components/Innovation/receipt.js
 HTTP  8/20/2026 11:41:06 AM ::1 Returned 200 in 2 ms
 HTTP  8/20/2026 11:41:06 AM ::1 GET /src/components/Innovation/trace.js
 HTTP  8/20/2026 11:41:06 AM ::1 GET /src/components/Innovation/passport.js
 HTTP  8/20/2026 11:41:06 AM ::1 Returned 200 in 3 ms
 HTTP  8/20/2026 11:41:06 AM ::1 Returned 200 in 2 ms
 HTTP  8/20/2026 11:41:06 AM ::1 Returned 200 in 2 ms
 HTTP  8/20/2026 11:41:06 AM ::1 GET /src/components/Innovation/compare.js
 HTTP  8/20/2026 11:41:06 AM ::1 GET /src/components/Innovation/heatmap.js
 HTTP  8/20/2026 11:41:06 AM ::1 Returned 200 in 1 ms
 HTTP  8/20/2026 11:41:06 AM ::1 GET /src/components/Innovation/demo.js
 HTTP  8/20/2026 11:41:06 AM ::1 Returned 200 in 1 ms
 HTTP  8/20/2026 11:41:06 AM ::1 GET /src/app.js
 HTTP  8/20/2026 11:41:06 AM ::1 Returned 200 in 1 ms
 HTTP  8/20/2026 11:41:06 AM ::1 Returned 200 in 1 ms
 HTTP  8/20/2026 11:41:08 AM ::1 GET /
 HTTP  8/20/2026 11:41:08 AM ::1 Returned 200 in 1 ms
 HTTP  8/20/2026 11:41:08 AM ::1 GET /src/styles/main.css
 HTTP  8/20/2026 11:41:08 AM ::1 Returned 200 in 2 ms
 HTTP  8/20/2026 11:41:08 AM ::1 GET /src/services/api.js
 HTTP  8/20/2026 11:41:08 AM ::1 Returned 200 in 1 ms
 HTTP  8/20/2026 11:41:08 AM ::1 GET /src/services/chats.js
 HTTP  8/20/2026 11:41:08 AM ::1 Returned 200 in 1 ms
 HTTP  8/20/2026 11:41:08 AM ::1 GET /src/utils/markdown.js
 HTTP  8/20/2026 11:41:08 AM ::1 GET /src/utils/helpers.js
 HTTP  8/20/2026 11:41:08 AM ::1 Returned 200 in 2 ms
 HTTP  8/20/2026 11:41:08 AM ::1 GET /src/components/Tables/renderer.js
 HTTP  8/20/2026 11:41:08 AM ::1 Returned 200 in 2 ms
 HTTP  8/20/2026 11:41:08 AM ::1 GET /src/components/Safety/indicator.js
 HTTP  8/20/2026 11:41:08 AM ::1 Returned 200 in 2 ms
 HTTP  8/20/2026 11:41:08 AM ::1 Returned 200 in 2 ms
 HTTP  8/20/2026 11:41:08 AM ::1 GET /src/components/Chat/message.js
 HTTP  8/20/2026 11:41:08 AM ::1 Returned 200 in 1 ms
 HTTP  8/20/2026 11:41:08 AM ::1 GET /src/components/Chat/input.js
 HTTP  8/20/2026 11:41:08 AM ::1 GET /src/components/Evidence/panel.js
 HTTP  8/20/2026 11:41:08 AM ::1 Returned 200 in 1 ms
 HTTP  8/20/2026 11:41:08 AM ::1 GET /src/components/Evidence/map.js
 HTTP  8/20/2026 11:41:08 AM ::1 GET /src/components/Evidence/conflict.js
 HTTP  8/20/2026 11:41:08 AM ::1 GET /src/components/Citation/list.js
 HTTP  8/20/2026 11:41:08 AM ::1 Returned 200 in 3 ms
 HTTP  8/20/2026 11:41:08 AM ::1 Returned 200 in 3 ms
 HTTP  8/20/2026 11:41:08 AM ::1 Returned 200 in 2 ms
 HTTP  8/20/2026 11:41:08 AM ::1 Returned 200 in 2 ms
 HTTP  8/20/2026 11:41:08 AM ::1 GET /src/components/Confidence/gauge.js
 HTTP  8/20/2026 11:41:08 AM ::1 GET /src/components/Verification/status.js
 HTTP  8/20/2026 11:41:08 AM ::1 GET /src/components/Loading/stages.js
 HTTP  8/20/2026 11:41:08 AM ::1 GET /src/components/Sources/modal.js
 HTTP  8/20/2026 11:41:08 AM ::1 Returned 200 in 4 ms
 HTTP  8/20/2026 11:41:08 AM ::1 Returned 200 in 3 ms
 HTTP  8/20/2026 11:41:08 AM ::1 Returned 200 in 2 ms
 HTTP  8/20/2026 11:41:08 AM ::1 GET /src/components/Explainability/why.js
 HTTP  8/20/2026 11:41:08 AM ::1 GET /src/components/Explainability/pipeline.js
 HTTP  8/20/2026 11:41:08 AM ::1 Returned 200 in 3 ms
 HTTP  8/20/2026 11:41:08 AM ::1 Returned 200 in 2 ms
 HTTP  8/20/2026 11:41:08 AM ::1 Returned 200 in 3 ms
 HTTP  8/20/2026 11:41:08 AM ::1 GET /src/components/Explainability/howitworks.js
 HTTP  8/20/2026 11:41:08 AM ::1 Returned 200 in 2 ms
 HTTP  8/20/2026 11:41:08 AM ::1 GET /src/components/Drawer/evidence-drawer.js
 HTTP  8/20/2026 11:41:08 AM ::1 Returned 200 in 1 ms
 HTTP  8/20/2026 11:41:08 AM ::1 GET /src/components/Sidebar/sources.js
 HTTP  8/20/2026 11:41:08 AM ::1 GET /src/components/Innovation/trust.js
 HTTP  8/20/2026 11:41:08 AM ::1 GET /src/components/Innovation/contextcheck.js
 HTTP  8/20/2026 11:41:08 AM ::1 GET /src/components/Innovation/strength.js
 HTTP  8/20/2026 11:41:08 AM ::1 Returned 200 in 2 ms
 HTTP  8/20/2026 11:41:08 AM ::1 Returned 200 in 2 ms
 HTTP  8/20/2026 11:41:08 AM ::1 Returned 200 in 2 ms
 HTTP  8/20/2026 11:41:08 AM ::1 Returned 200 in 3 ms
 HTTP  8/20/2026 11:41:08 AM ::1 GET /src/components/Innovation/receipt.js
 HTTP  8/20/2026 11:41:08 AM ::1 GET /src/components/Innovation/trace.js
 HTTP  8/20/2026 11:41:08 AM ::1 Returned 200 in 3 ms
 HTTP  8/20/2026 11:41:08 AM ::1 GET /src/components/Innovation/passport.js
 HTTP  8/20/2026 11:41:08 AM ::1 Returned 200 in 2 ms
 HTTP  8/20/2026 11:41:08 AM ::1 Returned 200 in 1 ms
 HTTP  8/20/2026 11:41:08 AM ::1 GET /src/components/Innovation/compare.js
 HTTP  8/20/2026 11:41:08 AM ::1 GET /src/components/Innovation/heatmap.js
 HTTP  8/20/2026 11:41:08 AM ::1 GET /src/components/Innovation/demo.js
 HTTP  8/20/2026 11:41:08 AM ::1 Returned 200 in 2 ms
 HTTP  8/20/2026 11:41:08 AM ::1 Returned 200 in 1 ms
 HTTP  8/20/2026 11:41:08 AM ::1 Returned 200 in 2 ms
 HTTP  8/20/2026 11:41:08 AM ::1 GET /src/app.js
 HTTP  8/20/2026 11:41:08 AM ::1 Returned 200 in 1 ms
 HTTP  8/20/2026 11:41:10 AM ::1 GET /
 HTTP  8/20/2026 11:41:10 AM ::1 Returned 200 in 1 ms
 HTTP  8/20/2026 11:41:10 AM ::1 GET /src/styles/main.css
 HTTP  8/20/2026 11:41:10 AM ::1 Returned 200 in 1 ms
 HTTP  8/20/2026 11:41:10 AM ::1 GET /src/services/api.js
 HTTP  8/20/2026 11:41:10 AM ::1 GET /src/services/chats.js
 HTTP  8/20/2026 11:41:10 AM ::1 Returned 200 in 2 ms
 HTTP  8/20/2026 11:41:10 AM ::1 Returned 200 in 1 ms
 HTTP  8/20/2026 11:41:10 AM ::1 GET /src/utils/markdown.js
 HTTP  8/20/2026 11:41:10 AM ::1 GET /src/utils/helpers.js
 HTTP  8/20/2026 11:41:10 AM ::1 Returned 200 in 1 ms
 HTTP  8/20/2026 11:41:10 AM ::1 Returned 200 in 1 ms
 HTTP  8/20/2026 11:41:10 AM ::1 GET /src/components/Tables/renderer.js
 HTTP  8/20/2026 11:41:10 AM ::1 GET /src/components/Safety/indicator.js
 HTTP  8/20/2026 11:41:10 AM ::1 Returned 200 in 2 ms
 HTTP  8/20/2026 11:41:10 AM ::1 Returned 200 in 1 ms
 HTTP  8/20/2026 11:41:10 AM ::1 GET /src/components/Chat/message.js
 HTTP  8/20/2026 11:41:10 AM ::1 Returned 200 in 1 ms
 HTTP  8/20/2026 11:41:10 AM ::1 GET /src/components/Chat/input.js
 HTTP  8/20/2026 11:41:10 AM ::1 Returned 200 in 1 ms
 HTTP  8/20/2026 11:41:10 AM ::1 GET /src/components/Evidence/panel.js
 HTTP  8/20/2026 11:41:10 AM ::1 GET /src/components/Evidence/map.js
 HTTP  8/20/2026 11:41:10 AM ::1 GET /src/components/Evidence/conflict.js
 HTTP  8/20/2026 11:41:10 AM ::1 GET /src/components/Citation/list.js
 HTTP  8/20/2026 11:41:10 AM ::1 Returned 200 in 2 ms
 HTTP  8/20/2026 11:41:10 AM ::1 Returned 200 in 3 ms
 HTTP  8/20/2026 11:41:10 AM ::1 Returned 200 in 3 ms
 HTTP  8/20/2026 11:41:10 AM ::1 Returned 200 in 3 ms
 HTTP  8/20/2026 11:41:10 AM ::1 GET /src/components/Confidence/gauge.js
 HTTP  8/20/2026 11:41:10 AM ::1 GET /src/components/Verification/status.js
 HTTP  8/20/2026 11:41:10 AM ::1 Returned 200 in 1 ms
 HTTP  8/20/2026 11:41:10 AM ::1 Returned 200 in 2 ms
 HTTP  8/20/2026 11:41:10 AM ::1 GET /src/components/Loading/stages.js
 HTTP  8/20/2026 11:41:10 AM ::1 GET /src/components/Sources/modal.js
 HTTP  8/20/2026 11:41:10 AM ::1 GET /src/components/Explainability/why.js
 HTTP  8/20/2026 11:41:10 AM ::1 GET /src/components/Explainability/pipeline.js
 HTTP  8/20/2026 11:41:10 AM ::1 Returned 200 in 4 ms
 HTTP  8/20/2026 11:41:10 AM ::1 Returned 200 in 4 ms
 HTTP  8/20/2026 11:41:10 AM ::1 Returned 200 in 2 ms
 HTTP  8/20/2026 11:41:10 AM ::1 GET /src/components/Explainability/howitworks.js
 HTTP  8/20/2026 11:41:10 AM ::1 GET /src/components/Drawer/evidence-drawer.js
 HTTP  8/20/2026 11:41:10 AM ::1 Returned 200 in 3 ms
 HTTP  8/20/2026 11:41:10 AM ::1 Returned 200 in 2 ms
 HTTP  8/20/2026 11:41:10 AM ::1 Returned 200 in 1 ms
 HTTP  8/20/2026 11:41:10 AM ::1 GET /src/components/Sidebar/sources.js
 HTTP  8/20/2026 11:41:10 AM ::1 GET /src/components/Innovation/trust.js
 HTTP  8/20/2026 11:41:10 AM ::1 GET /src/components/Innovation/contextcheck.js
 HTTP  8/20/2026 11:41:10 AM ::1 Returned 200 in 2 ms
 HTTP  8/20/2026 11:41:10 AM ::1 Returned 200 in 1 ms
 HTTP  8/20/2026 11:41:10 AM ::1 GET /src/components/Innovation/strength.js
 HTTP  8/20/2026 11:41:10 AM ::1 GET /src/components/Innovation/receipt.js
 HTTP  8/20/2026 11:41:10 AM ::1 GET /src/components/Innovation/trace.js
 HTTP  8/20/2026 11:41:10 AM ::1 Returned 200 in 2 ms
 HTTP  8/20/2026 11:41:10 AM ::1 Returned 200 in 2 ms
 HTTP  8/20/2026 11:41:10 AM ::1 Returned 200 in 1 ms
 HTTP  8/20/2026 11:41:10 AM ::1 Returned 200 in 1 ms
 HTTP  8/20/2026 11:41:10 AM ::1 GET /src/components/Innovation/passport.js
 HTTP  8/20/2026 11:41:10 AM ::1 Returned 200 in 3 ms
 HTTP  8/20/2026 11:41:10 AM ::1 GET /src/components/Innovation/compare.js
 HTTP  8/20/2026 11:41:10 AM ::1 GET /src/components/Innovation/heatmap.js
 HTTP  8/20/2026 11:41:10 AM ::1 Returned 200 in 2 ms
 HTTP  8/20/2026 11:41:10 AM ::1 GET /src/components/Innovation/demo.js
 HTTP  8/20/2026 11:41:10 AM ::1 GET /src/app.js
 HTTP  8/20/2026 11:41:10 AM ::1 Returned 200 in 2 ms
 HTTP  8/20/2026 11:41:10 AM ::1 Returned 200 in 2 ms
 HTTP  8/20/2026 11:41:10 AM ::1 Returned 200 in 1 ms
 HTTP  8/20/2026 11:57:43 AM ::1 GET /
 HTTP  8/20/2026 11:57:43 AM ::1 Returned 200 in 2 ms
 HTTP  8/20/2026 12:01:10 PM ::1 GET /
 HTTP  8/20/2026 12:01:10 PM ::1 Returned 200 in 1 ms
 HTTP  8/20/2026 12:01:10 PM ::1 GET /src/styles/main.css
 HTTP  8/20/2026 12:01:10 PM ::1 Returned 200 in 2 ms
 HTTP  8/20/2026 12:01:10 PM ::1 GET /src/services/api.js
 HTTP  8/20/2026 12:01:10 PM ::1 Returned 200 in 2 ms
 HTTP  8/20/2026 12:01:10 PM ::1 GET /src/services/chats.js
 HTTP  8/20/2026 12:01:10 PM ::1 GET /src/utils/markdown.js
 HTTP  8/20/2026 12:01:10 PM ::1 Returned 200 in 1 ms
 HTTP  8/20/2026 12:01:10 PM ::1 GET /src/utils/helpers.js
 HTTP  8/20/2026 12:01:10 PM ::1 GET /src/components/Tables/renderer.js
 HTTP  8/20/2026 12:01:10 PM ::1 GET /src/components/Safety/indicator.js
 HTTP  8/20/2026 12:01:10 PM ::1 Returned 200 in 3 ms
 HTTP  8/20/2026 12:01:10 PM ::1 Returned 200 in 2 ms
 HTTP  8/20/2026 12:01:10 PM ::1 Returned 200 in 3 ms
 HTTP  8/20/2026 12:01:10 PM ::1 Returned 200 in 7 ms
 HTTP  8/20/2026 12:01:10 PM ::1 GET /src/components/Chat/message.js
 HTTP  8/20/2026 12:01:10 PM ::1 Returned 200 in 2 ms
 HTTP  8/20/2026 12:01:10 PM ::1 GET /src/components/Chat/input.js
 HTTP  8/20/2026 12:01:10 PM ::1 Returned 200 in 1 ms
 HTTP  8/20/2026 12:01:10 PM ::1 GET /src/components/Evidence/panel.js
 HTTP  8/20/2026 12:01:10 PM ::1 GET /src/components/Evidence/map.js
 HTTP  8/20/2026 12:01:10 PM ::1 GET /src/components/Evidence/conflict.js
 HTTP  8/20/2026 12:01:10 PM ::1 Returned 200 in 1 ms
 HTTP  8/20/2026 12:01:10 PM ::1 Returned 200 in 2 ms
 HTTP  8/20/2026 12:01:10 PM ::1 GET /src/components/Citation/list.js
 HTTP  8/20/2026 12:01:10 PM ::1 GET /src/components/Confidence/gauge.js
 HTTP  8/20/2026 12:01:10 PM ::1 GET /src/components/Verification/status.js
 HTTP  8/20/2026 12:01:10 PM ::1 Returned 200 in 21 ms
 HTTP  8/20/2026 12:01:10 PM ::1 Returned 200 in 20 ms
 HTTP  8/20/2026 12:01:10 PM ::1 Returned 200 in 20 ms
 HTTP  8/20/2026 12:01:10 PM ::1 Returned 200 in 25 ms
 HTTP  8/20/2026 12:01:10 PM ::1 GET /src/components/Loading/stages.js
 HTTP  8/20/2026 12:01:10 PM ::1 Returned 200 in 1 ms
 HTTP  8/20/2026 12:01:10 PM ::1 GET /src/components/Sources/modal.js
 HTTP  8/20/2026 12:01:10 PM ::1 GET /src/components/Explainability/why.js
 HTTP  8/20/2026 12:01:10 PM ::1 GET /src/components/Explainability/pipeline.js
 HTTP  8/20/2026 12:01:10 PM ::1 GET /src/components/Explainability/howitworks.js
 HTTP  8/20/2026 12:01:10 PM ::1 Returned 200 in 2 ms
 HTTP  8/20/2026 12:01:10 PM ::1 Returned 200 in 3 ms
 HTTP  8/20/2026 12:01:10 PM ::1 Returned 200 in 2 ms
 HTTP  8/20/2026 12:01:10 PM ::1 GET /src/components/Drawer/evidence-drawer.js
 HTTP  8/20/2026 12:01:10 PM ::1 Returned 200 in 3 ms
 HTTP  8/20/2026 12:01:10 PM ::1 GET /src/components/Sidebar/sources.js
 HTTP  8/20/2026 12:01:10 PM ::1 Returned 200 in 2 ms
 HTTP  8/20/2026 12:01:10 PM ::1 Returned 200 in 2 ms
 HTTP  8/20/2026 12:01:10 PM ::1 GET /src/components/Innovation/trust.js
 HTTP  8/20/2026 12:01:10 PM ::1 GET /src/components/Innovation/contextcheck.js
 HTTP  8/20/2026 12:01:10 PM ::1 GET /src/components/Innovation/strength.js
 HTTP  8/20/2026 12:01:10 PM ::1 GET /src/components/Innovation/receipt.js
 HTTP  8/20/2026 12:01:10 PM ::1 GET /src/components/Innovation/trace.js
 HTTP  8/20/2026 12:01:10 PM ::1 Returned 200 in 3 ms
 HTTP  8/20/2026 12:01:10 PM ::1 Returned 200 in 2 ms
 HTTP  8/20/2026 12:01:10 PM ::1 Returned 200 in 3 ms
 HTTP  8/20/2026 12:01:10 PM ::1 Returned 200 in 2 ms
 HTTP  8/20/2026 12:01:10 PM ::1 GET /src/components/Innovation/passport.js
 HTTP  8/20/2026 12:01:10 PM ::1 Returned 200 in 3 ms
 HTTP  8/20/2026 12:01:10 PM ::1 Returned 200 in 2 ms
 HTTP  8/20/2026 12:01:10 PM ::1 GET /src/components/Innovation/compare.js
 HTTP  8/20/2026 12:01:10 PM ::1 GET /src/components/Innovation/heatmap.js
 HTTP  8/20/2026 12:01:10 PM ::1 GET /src/components/Innovation/demo.js
 HTTP  8/20/2026 12:01:10 PM ::1 GET /src/app.js
 HTTP  8/20/2026 12:01:10 PM ::1 Returned 200 in 3 ms
 HTTP  8/20/2026 12:01:10 PM ::1 Returned 200 in 2 ms
 HTTP  8/20/2026 12:01:10 PM ::1 Returned 200 in 2 ms
 HTTP  8/20/2026 12:01:10 PM ::1 Returned 200 in 2 ms
 HTTP  8/20/2026 12:01:31 PM ::1 GET /
 HTTP  8/20/2026 12:01:31 PM ::1 Returned 200 in 1 ms
 HTTP  8/20/2026 12:01:31 PM ::1 GET /src/styles/main.css
 HTTP  8/20/2026 12:01:31 PM ::1 Returned 200 in 2 ms
 HTTP  8/20/2026 12:01:31 PM ::1 GET /src/services/api.js
 HTTP  8/20/2026 12:01:31 PM ::1 Returned 200 in 1 ms
 HTTP  8/20/2026 12:01:31 PM ::1 GET /src/services/chats.js
 HTTP  8/20/2026 12:01:31 PM ::1 GET /src/utils/markdown.js
 HTTP  8/20/2026 12:01:31 PM ::1 Returned 200 in 2 ms
 HTTP  8/20/2026 12:01:31 PM ::1 Returned 200 in 1 ms
 HTTP  8/20/2026 12:01:31 PM ::1 GET /src/utils/helpers.js
 HTTP  8/20/2026 12:01:31 PM ::1 GET /src/components/Tables/renderer.js
 HTTP  8/20/2026 12:01:31 PM ::1 Returned 200 in 1 ms
 HTTP  8/20/2026 12:01:31 PM ::1 GET /src/components/Safety/indicator.js
 HTTP  8/20/2026 12:01:31 PM ::1 Returned 200 in 1 ms
 HTTP  8/20/2026 12:01:31 PM ::1 Returned 200 in 1 ms
 HTTP  8/20/2026 12:01:31 PM ::1 GET /src/components/Chat/message.js
 HTTP  8/20/2026 12:01:31 PM ::1 Returned 200 in 1 ms
 HTTP  8/20/2026 12:01:31 PM ::1 GET /src/components/Chat/input.js
 HTTP  8/20/2026 12:01:31 PM ::1 GET /src/components/Evidence/panel.js
 HTTP  8/20/2026 12:01:31 PM ::1 Returned 200 in 2 ms
 HTTP  8/20/2026 12:01:31 PM ::1 Returned 200 in 2 ms
 HTTP  8/20/2026 12:01:31 PM ::1 GET /src/components/Evidence/map.js
 HTTP  8/20/2026 12:01:31 PM ::1 GET /src/components/Evidence/conflict.js
 HTTP  8/20/2026 12:01:31 PM ::1 Returned 200 in 1 ms
 HTTP  8/20/2026 12:01:31 PM ::1 GET /src/components/Citation/list.js
 HTTP  8/20/2026 12:01:31 PM ::1 Returned 200 in 2 ms
 HTTP  8/20/2026 12:01:31 PM ::1 Returned 200 in 2 ms
 HTTP  8/20/2026 12:01:31 PM ::1 GET /src/components/Confidence/gauge.js
 HTTP  8/20/2026 12:01:31 PM ::1 Returned 200 in 2 ms
 HTTP  8/20/2026 12:01:31 PM ::1 GET /src/components/Verification/status.js
 HTTP  8/20/2026 12:01:31 PM ::1 Returned 200 in 1 ms
 HTTP  8/20/2026 12:01:31 PM ::1 GET /src/components/Loading/stages.js
 HTTP  8/20/2026 12:01:31 PM ::1 GET /src/components/Sources/modal.js
 HTTP  8/20/2026 12:01:31 PM ::1 GET /src/components/Explainability/why.js
 HTTP  8/20/2026 12:01:31 PM ::1 GET /src/components/Explainability/pipeline.js
 HTTP  8/20/2026 12:01:31 PM ::1 GET /src/components/Explainability/howitworks.js
 HTTP  8/20/2026 12:01:31 PM ::1 Returned 200 in 2 ms
 HTTP  8/20/2026 12:01:31 PM ::1 Returned 200 in 2 ms
 HTTP  8/20/2026 12:01:31 PM ::1 Returned 200 in 2 ms
 HTTP  8/20/2026 12:01:31 PM ::1 Returned 200 in 2 ms
 HTTP  8/20/2026 12:01:31 PM ::1 Returned 200 in 3 ms
 HTTP  8/20/2026 12:01:31 PM ::1 GET /src/components/Drawer/evidence-drawer.js
 HTTP  8/20/2026 12:01:31 PM ::1 Returned 200 in 5 ms
 HTTP  8/20/2026 12:01:31 PM ::1 GET /src/components/Sidebar/sources.js
 HTTP  8/20/2026 12:01:31 PM ::1 GET /src/components/Innovation/trust.js
 HTTP  8/20/2026 12:01:31 PM ::1 GET /src/components/Innovation/contextcheck.js
 HTTP  8/20/2026 12:01:31 PM ::1 GET /src/components/Innovation/strength.js
 HTTP  8/20/2026 12:01:31 PM ::1 GET /src/components/Innovation/receipt.js
 HTTP  8/20/2026 12:01:31 PM ::1 Returned 200 in 2 ms
 HTTP  8/20/2026 12:01:31 PM ::1 Returned 200 in 2 ms
 HTTP  8/20/2026 12:01:31 PM ::1 Returned 200 in 2 ms
 HTTP  8/20/2026 12:01:31 PM ::1 Returned 200 in 2 ms
 HTTP  8/20/2026 12:01:31 PM ::1 Returned 200 in 2 ms
 HTTP  8/20/2026 12:01:31 PM ::1 GET /src/components/Innovation/trace.js
 HTTP  8/20/2026 12:01:31 PM ::1 Returned 200 in 1 ms
 HTTP  8/20/2026 12:01:31 PM ::1 GET /src/components/Innovation/passport.js
 HTTP  8/20/2026 12:01:31 PM ::1 Returned 200 in 1 ms
 HTTP  8/20/2026 12:01:31 PM ::1 GET /src/components/Innovation/compare.js
 HTTP  8/20/2026 12:01:31 PM ::1 GET /src/components/Innovation/heatmap.js
 HTTP  8/20/2026 12:01:31 PM ::1 GET /src/components/Innovation/demo.js
 HTTP  8/20/2026 12:01:31 PM ::1 Returned 200 in 2 ms
 HTTP  8/20/2026 12:01:31 PM ::1 Returned 200 in 2 ms
 HTTP  8/20/2026 12:01:31 PM ::1 GET /src/app.js
 HTTP  8/20/2026 12:01:31 PM ::1 Returned 200 in 2 ms
 HTTP  8/20/2026 12:01:31 PM ::1 Returned 200 in 1 ms
 HTTP  8/20/2026 12:01:33 PM ::1 GET /
 HTTP  8/20/2026 12:01:33 PM ::1 Returned 200 in 2 ms
 HTTP  8/20/2026 12:01:33 PM ::1 GET /src/styles/main.css
 HTTP  8/20/2026 12:01:33 PM ::1 Returned 200 in 3 ms
 HTTP  8/20/2026 12:01:33 PM ::1 GET /src/services/api.js
 HTTP  8/20/2026 12:01:33 PM ::1 Returned 200 in 1 ms
 HTTP  8/20/2026 12:01:33 PM ::1 GET /src/services/chats.js
 HTTP  8/20/2026 12:01:33 PM ::1 Returned 200 in 1 ms
 HTTP  8/20/2026 12:01:33 PM ::1 GET /src/utils/markdown.js
 HTTP  8/20/2026 12:01:33 PM ::1 Returned 200 in 1 ms
 HTTP  8/20/2026 12:01:33 PM ::1 GET /src/utils/helpers.js
 HTTP  8/20/2026 12:01:33 PM ::1 Returned 200 in 1 ms
 HTTP  8/20/2026 12:01:33 PM ::1 GET /src/components/Tables/renderer.js
 HTTP  8/20/2026 12:01:33 PM ::1 Returned 200 in 1 ms
 HTTP  8/20/2026 12:01:33 PM ::1 GET /src/components/Safety/indicator.js
 HTTP  8/20/2026 12:01:33 PM ::1 Returned 200 in 1 ms
 HTTP  8/20/2026 12:01:33 PM ::1 GET /src/components/Chat/message.js
 HTTP  8/20/2026 12:01:33 PM ::1 GET /src/components/Chat/input.js
 HTTP  8/20/2026 12:01:33 PM ::1 Returned 200 in 2 ms
 HTTP  8/20/2026 12:01:33 PM ::1 GET /src/components/Evidence/panel.js
 HTTP  8/20/2026 12:01:33 PM ::1 GET /src/components/Evidence/map.js
 HTTP  8/20/2026 12:01:33 PM ::1 Returned 200 in 2 ms
 HTTP  8/20/2026 12:01:33 PM ::1 Returned 200 in 1 ms
 HTTP  8/20/2026 12:01:33 PM ::1 GET /src/components/Evidence/conflict.js
 HTTP  8/20/2026 12:01:33 PM ::1 GET /src/components/Citation/list.js
 HTTP  8/20/2026 12:01:33 PM ::1 Returned 200 in 3 ms
 HTTP  8/20/2026 12:01:33 PM ::1 Returned 200 in 1 ms
 HTTP  8/20/2026 12:01:33 PM ::1 Returned 200 in 2 ms
 HTTP  8/20/2026 12:01:33 PM ::1 GET /src/components/Confidence/gauge.js
 HTTP  8/20/2026 12:01:33 PM ::1 Returned 200 in 1 ms
 HTTP  8/20/2026 12:01:33 PM ::1 GET /src/components/Verification/status.js
 HTTP  8/20/2026 12:01:33 PM ::1 GET /src/components/Loading/stages.js
 HTTP  8/20/2026 12:01:33 PM ::1 GET /src/components/Sources/modal.js
 HTTP  8/20/2026 12:01:33 PM ::1 Returned 200 in 2 ms
 HTTP  8/20/2026 12:01:33 PM ::1 Returned 200 in 1 ms
 HTTP  8/20/2026 12:01:33 PM ::1 GET /src/components/Explainability/why.js
 HTTP  8/20/2026 12:01:33 PM ::1 GET /src/components/Explainability/pipeline.js
 HTTP  8/20/2026 12:01:33 PM ::1 Returned 200 in 3 ms
 HTTP  8/20/2026 12:01:33 PM ::1 Returned 200 in 1 ms
 HTTP  8/20/2026 12:01:33 PM ::1 Returned 200 in 2 ms
 HTTP  8/20/2026 12:01:33 PM ::1 GET /src/components/Explainability/howitworks.js
 HTTP  8/20/2026 12:01:33 PM ::1 Returned 200 in 1 ms
 HTTP  8/20/2026 12:01:33 PM ::1 GET /src/components/Drawer/evidence-drawer.js
 HTTP  8/20/2026 12:01:33 PM ::1 GET /src/components/Sidebar/sources.js
 HTTP  8/20/2026 12:01:33 PM ::1 Returned 200 in 1 ms
 HTTP  8/20/2026 12:01:33 PM ::1 GET /src/components/Innovation/trust.js
 HTTP  8/20/2026 12:01:33 PM ::1 GET /src/components/Innovation/contextcheck.js
 HTTP  8/20/2026 12:01:33 PM ::1 GET /src/components/Innovation/strength.js
 HTTP  8/20/2026 12:01:33 PM ::1 Returned 200 in 3 ms
 HTTP  8/20/2026 12:01:33 PM ::1 Returned 200 in 2 ms
 HTTP  8/20/2026 12:01:33 PM ::1 Returned 200 in 1 ms
 HTTP  8/20/2026 12:01:33 PM ::1 GET /src/components/Innovation/receipt.js
 HTTP  8/20/2026 12:01:33 PM ::1 Returned 200 in 2 ms
 HTTP  8/20/2026 12:01:33 PM ::1 Returned 200 in 1 ms
 HTTP  8/20/2026 12:01:33 PM ::1 GET /src/components/Innovation/trace.js
 HTTP  8/20/2026 12:01:33 PM ::1 GET /src/components/Innovation/passport.js
 HTTP  8/20/2026 12:01:33 PM ::1 Returned 200 in 2 ms
 HTTP  8/20/2026 12:01:33 PM ::1 Returned 200 in 1 ms
 HTTP  8/20/2026 12:01:33 PM ::1 GET /src/components/Innovation/compare.js
 HTTP  8/20/2026 12:01:33 PM ::1 GET /src/components/Innovation/heatmap.js
 HTTP  8/20/2026 12:01:33 PM ::1 GET /src/components/Innovation/demo.js
 HTTP  8/20/2026 12:01:33 PM ::1 Returned 200 in 2 ms
 HTTP  8/20/2026 12:01:33 PM ::1 Returned 200 in 2 ms
 HTTP  8/20/2026 12:01:33 PM ::1 GET /src/app.js
 HTTP  8/20/2026 12:01:33 PM ::1 Returned 200 in 3 ms
 HTTP  8/20/2026 12:01:33 PM ::1 Returned 200 in 2 ms
 HTTP  8/20/2026 12:01:35 PM ::1 GET /
 HTTP  8/20/2026 12:01:35 PM ::1 Returned 200 in 2 ms
 HTTP  8/20/2026 12:01:35 PM ::1 GET /src/styles/main.css
 HTTP  8/20/2026 12:01:35 PM ::1 Returned 200 in 2 ms
 HTTP  8/20/2026 12:01:35 PM ::1 GET /src/services/api.js
 HTTP  8/20/2026 12:01:35 PM ::1 Returned 200 in 1 ms
 HTTP  8/20/2026 12:01:35 PM ::1 GET /src/services/chats.js
 HTTP  8/20/2026 12:01:35 PM ::1 GET /src/utils/markdown.js
 HTTP  8/20/2026 12:01:35 PM ::1 Returned 200 in 2 ms
 HTTP  8/20/2026 12:01:35 PM ::1 Returned 200 in 2 ms
 HTTP  8/20/2026 12:01:35 PM ::1 GET /src/utils/helpers.js
 HTTP  8/20/2026 12:01:35 PM ::1 GET /src/components/Tables/renderer.js
 HTTP  8/20/2026 12:01:35 PM ::1 GET /src/components/Safety/indicator.js
 HTTP  8/20/2026 12:01:35 PM ::1 Returned 200 in 1 ms
 HTTP  8/20/2026 12:01:35 PM ::1 Returned 200 in 2 ms
 HTTP  8/20/2026 12:01:35 PM ::1 Returned 200 in 1 ms
 HTTP  8/20/2026 12:01:35 PM ::1 GET /src/components/Chat/message.js
 HTTP  8/20/2026 12:01:35 PM ::1 GET /src/components/Chat/input.js
 HTTP  8/20/2026 12:01:35 PM ::1 Returned 200 in 2 ms
 HTTP  8/20/2026 12:01:35 PM ::1 GET /src/components/Evidence/panel.js
 HTTP  8/20/2026 12:01:35 PM ::1 GET /src/components/Evidence/map.js
 HTTP  8/20/2026 12:01:35 PM ::1 Returned 200 in 2 ms
 HTTP  8/20/2026 12:01:35 PM ::1 Returned 200 in 2 ms
 HTTP  8/20/2026 12:01:35 PM ::1 GET /src/components/Evidence/conflict.js
 HTTP  8/20/2026 12:01:35 PM ::1 GET /src/components/Citation/list.js
 HTTP  8/20/2026 12:01:35 PM ::1 Returned 200 in 2 ms
 HTTP  8/20/2026 12:01:35 PM ::1 Returned 200 in 2 ms
 HTTP  8/20/2026 12:01:35 PM ::1 Returned 200 in 2 ms
 HTTP  8/20/2026 12:01:35 PM ::1 GET /src/components/Confidence/gauge.js
 HTTP  8/20/2026 12:01:35 PM ::1 GET /src/components/Verification/status.js
 HTTP  8/20/2026 12:01:35 PM ::1 GET /src/components/Loading/stages.js
 HTTP  8/20/2026 12:01:35 PM ::1 GET /src/components/Sources/modal.js
 HTTP  8/20/2026 12:01:35 PM ::1 GET /src/components/Explainability/why.js
 HTTP  8/20/2026 12:01:35 PM ::1 Returned 200 in 3 ms
 HTTP  8/20/2026 12:01:35 PM ::1 Returned 200 in 2 ms
 HTTP  8/20/2026 12:01:35 PM ::1 Returned 200 in 3 ms
 HTTP  8/20/2026 12:01:35 PM ::1 Returned 200 in 2 ms
 HTTP  8/20/2026 12:01:35 PM ::1 GET /src/components/Explainability/pipeline.js
 HTTP  8/20/2026 12:01:35 PM ::1 Returned 200 in 4 ms
 HTTP  8/20/2026 12:01:35 PM ::1 Returned 200 in 2 ms
 HTTP  8/20/2026 12:01:35 PM ::1 GET /src/components/Explainability/howitworks.js
 HTTP  8/20/2026 12:01:35 PM ::1 Returned 200 in 2 ms
 HTTP  8/20/2026 12:01:35 PM ::1 GET /src/components/Drawer/evidence-drawer.js
 HTTP  8/20/2026 12:01:35 PM ::1 GET /src/components/Sidebar/sources.js
 HTTP  8/20/2026 12:01:35 PM ::1 Returned 200 in 1 ms
 HTTP  8/20/2026 12:01:35 PM ::1 Returned 200 in 1 ms
 HTTP  8/20/2026 12:01:35 PM ::1 GET /src/components/Innovation/trust.js
 HTTP  8/20/2026 12:01:35 PM ::1 GET /src/components/Innovation/contextcheck.js
 HTTP  8/20/2026 12:01:35 PM ::1 GET /src/components/Innovation/strength.js
 HTTP  8/20/2026 12:01:35 PM ::1 Returned 200 in 2 ms
 HTTP  8/20/2026 12:01:35 PM ::1 Returned 200 in 2 ms
 HTTP  8/20/2026 12:01:35 PM ::1 Returned 200 in 1 ms
 HTTP  8/20/2026 12:01:35 PM ::1 GET /src/components/Innovation/receipt.js
 HTTP  8/20/2026 12:01:35 PM ::1 GET /src/components/Innovation/trace.js
 HTTP  8/20/2026 12:01:35 PM ::1 Returned 200 in 3 ms
 HTTP  8/20/2026 12:01:35 PM ::1 GET /src/components/Innovation/passport.js
 HTTP  8/20/2026 12:01:35 PM ::1 Returned 200 in 3 ms
 HTTP  8/20/2026 12:01:35 PM ::1 Returned 200 in 1 ms
 HTTP  8/20/2026 12:01:35 PM ::1 GET /src/components/Innovation/compare.js
 HTTP  8/20/2026 12:01:35 PM ::1 GET /src/components/Innovation/heatmap.js
 HTTP  8/20/2026 12:01:35 PM ::1 Returned 200 in 1 ms
 HTTP  8/20/2026 12:01:35 PM ::1 GET /src/components/Innovation/demo.js
 HTTP  8/20/2026 12:01:35 PM ::1 Returned 200 in 1 ms
 HTTP  8/20/2026 12:01:35 PM ::1 Returned 200 in 1 ms
 HTTP  8/20/2026 12:01:35 PM ::1 GET /src/app.js
 HTTP  8/20/2026 12:01:35 PM ::1 Returned 200 in 1 ms
 HTTP  8/20/2026 12:01:36 PM ::1 GET /
 HTTP  8/20/2026 12:01:36 PM ::1 Returned 200 in 2 ms
 HTTP  8/20/2026 12:01:37 PM ::1 GET /src/styles/main.css
 HTTP  8/20/2026 12:01:37 PM ::1 Returned 200 in 1 ms
 HTTP  8/20/2026 12:01:37 PM ::1 GET /src/services/api.js
 HTTP  8/20/2026 12:01:37 PM ::1 Returned 200 in 2 ms
 HTTP  8/20/2026 12:01:37 PM ::1 GET /src/services/chats.js
 HTTP  8/20/2026 12:01:37 PM ::1 Returned 200 in 0 ms
 HTTP  8/20/2026 12:01:37 PM ::1 GET /src/utils/markdown.js
 HTTP  8/20/2026 12:01:37 PM ::1 GET /src/utils/helpers.js
 HTTP  8/20/2026 12:01:37 PM ::1 Returned 200 in 1 ms
 HTTP  8/20/2026 12:01:37 PM ::1 Returned 200 in 1 ms
 HTTP  8/20/2026 12:01:37 PM ::1 GET /src/components/Tables/renderer.js
 HTTP  8/20/2026 12:01:37 PM ::1 GET /src/components/Safety/indicator.js
 HTTP  8/20/2026 12:01:37 PM ::1 Returned 200 in 1 ms
 HTTP  8/20/2026 12:01:37 PM ::1 Returned 200 in 2 ms
 HTTP  8/20/2026 12:01:37 PM ::1 GET /src/components/Chat/message.js
 HTTP  8/20/2026 12:01:37 PM ::1 Returned 200 in 3 ms
 HTTP  8/20/2026 12:01:37 PM ::1 GET /src/components/Chat/input.js
 HTTP  8/20/2026 12:01:37 PM ::1 GET /src/components/Evidence/panel.js
 HTTP  8/20/2026 12:01:37 PM ::1 GET /src/components/Evidence/map.js
 HTTP  8/20/2026 12:01:37 PM ::1 GET /src/components/Evidence/conflict.js
 HTTP  8/20/2026 12:01:37 PM ::1 GET /src/components/Citation/list.js
 HTTP  8/20/2026 12:01:37 PM ::1 Returned 200 in 2 ms
 HTTP  8/20/2026 12:01:37 PM ::1 Returned 200 in 3 ms
 HTTP  8/20/2026 12:01:37 PM ::1 Returned 200 in 2 ms
 HTTP  8/20/2026 12:01:37 PM ::1 Returned 200 in 2 ms
 HTTP  8/20/2026 12:01:37 PM ::1 Returned 200 in 3 ms
 HTTP  8/20/2026 12:01:37 PM ::1 GET /src/components/Confidence/gauge.js
 HTTP  8/20/2026 12:01:37 PM ::1 GET /src/components/Verification/status.js
 HTTP  8/20/2026 12:01:37 PM ::1 GET /src/components/Loading/stages.js
 HTTP  8/20/2026 12:01:37 PM ::1 Returned 200 in 2 ms
 HTTP  8/20/2026 12:01:37 PM ::1 Returned 200 in 1 ms
 HTTP  8/20/2026 12:01:37 PM ::1 GET /src/components/Sources/modal.js
 HTTP  8/20/2026 12:01:37 PM ::1 GET /src/components/Explainability/why.js
 HTTP  8/20/2026 12:01:37 PM ::1 GET /src/components/Explainability/pipeline.js
 HTTP  8/20/2026 12:01:37 PM ::1 Returned 200 in 3 ms
 HTTP  8/20/2026 12:01:37 PM ::1 Returned 200 in 1 ms
 HTTP  8/20/2026 12:01:37 PM ::1 Returned 200 in 2 ms
 HTTP  8/20/2026 12:01:37 PM ::1 Returned 200 in 2 ms
 HTTP  8/20/2026 12:01:37 PM ::1 GET /src/components/Explainability/howitworks.js
 HTTP  8/20/2026 12:01:37 PM ::1 Returned 200 in 1 ms
 HTTP  8/20/2026 12:01:37 PM ::1 GET /src/components/Drawer/evidence-drawer.js
 HTTP  8/20/2026 12:01:37 PM ::1 Returned 200 in 2 ms
 HTTP  8/20/2026 12:01:37 PM ::1 GET /src/components/Sidebar/sources.js
 HTTP  8/20/2026 12:01:37 PM ::1 GET /src/components/Innovation/trust.js
 HTTP  8/20/2026 12:01:37 PM ::1 Returned 200 in 1 ms
 HTTP  8/20/2026 12:01:37 PM ::1 Returned 200 in 1 ms
 HTTP  8/20/2026 12:01:37 PM ::1 GET /src/components/Innovation/contextcheck.js
 HTTP  8/20/2026 12:01:37 PM ::1 GET /src/components/Innovation/strength.js
 HTTP  8/20/2026 12:01:37 PM ::1 Returned 200 in 1 ms
 HTTP  8/20/2026 12:01:37 PM ::1 GET /src/components/Innovation/receipt.js
 HTTP  8/20/2026 12:01:37 PM ::1 GET /src/components/Innovation/trace.js
 HTTP  8/20/2026 12:01:37 PM ::1 Returned 200 in 2 ms
 HTTP  8/20/2026 12:01:37 PM ::1 Returned 200 in 2 ms
 HTTP  8/20/2026 12:01:37 PM ::1 Returned 200 in 1 ms
 HTTP  8/20/2026 12:01:37 PM ::1 GET /src/components/Innovation/passport.js
 HTTP  8/20/2026 12:01:37 PM ::1 Returned 200 in 1 ms
 HTTP  8/20/2026 12:01:37 PM ::1 GET /src/components/Innovation/compare.js
 HTTP  8/20/2026 12:01:37 PM ::1 Returned 200 in 1 ms
 HTTP  8/20/2026 12:01:37 PM ::1 GET /src/components/Innovation/heatmap.js
 HTTP  8/20/2026 12:01:37 PM ::1 GET /src/components/Innovation/demo.js
 HTTP  8/20/2026 12:01:37 PM ::1 Returned 200 in 1 ms
 HTTP  8/20/2026 12:01:37 PM ::1 Returned 200 in 3 ms
 HTTP  8/20/2026 12:01:37 PM ::1 GET /src/app.js
 HTTP  8/20/2026 12:01:37 PM ::1 Returned 200 in 1 ms
 HTTP  8/20/2026 12:01:38 PM ::1 GET /
 HTTP  8/20/2026 12:01:38 PM ::1 Returned 200 in 1 ms
 HTTP  8/20/2026 12:01:38 PM ::1 GET /src/styles/main.css
 HTTP  8/20/2026 12:01:38 PM ::1 Returned 200 in 1 ms
 HTTP  8/20/2026 12:01:38 PM ::1 GET /src/services/api.js
 HTTP  8/20/2026 12:01:38 PM ::1 GET /src/services/chats.js
 HTTP  8/20/2026 12:01:38 PM ::1 Returned 200 in 1 ms
 HTTP  8/20/2026 12:01:38 PM ::1 Returned 200 in 1 ms
 HTTP  8/20/2026 12:01:38 PM ::1 GET /src/utils/markdown.js
 HTTP  8/20/2026 12:01:38 PM ::1 GET /src/utils/helpers.js
 HTTP  8/20/2026 12:01:38 PM ::1 Returned 200 in 1 ms
 HTTP  8/20/2026 12:01:38 PM ::1 Returned 200 in 1 ms
 HTTP  8/20/2026 12:01:38 PM ::1 GET /src/components/Tables/renderer.js
 HTTP  8/20/2026 12:01:38 PM ::1 GET /src/components/Safety/indicator.js
 HTTP  8/20/2026 12:01:38 PM ::1 Returned 200 in 1 ms
 HTTP  8/20/2026 12:01:38 PM ::1 Returned 200 in 1 ms
 HTTP  8/20/2026 12:01:38 PM ::1 GET /src/components/Chat/message.js
 HTTP  8/20/2026 12:01:38 PM ::1 GET /src/components/Chat/input.js
 HTTP  8/20/2026 12:01:38 PM ::1 GET /src/components/Evidence/panel.js
 HTTP  8/20/2026 12:01:38 PM ::1 GET /src/components/Evidence/map.js
 HTTP  8/20/2026 12:01:38 PM ::1 GET /src/components/Evidence/conflict.js
 HTTP  8/20/2026 12:01:38 PM ::1 GET /src/components/Citation/list.js
 HTTP  8/20/2026 12:01:38 PM ::1 Returned 200 in 3 ms
 HTTP  8/20/2026 12:01:38 PM ::1 Returned 200 in 3 ms
 HTTP  8/20/2026 12:01:38 PM ::1 Returned 200 in 3 ms
 HTTP  8/20/2026 12:01:38 PM ::1 Returned 200 in 3 ms
 HTTP  8/20/2026 12:01:38 PM ::1 Returned 200 in 3 ms
 HTTP  8/20/2026 12:01:38 PM ::1 Returned 200 in 4 ms
 HTTP  8/20/2026 12:01:38 PM ::1 GET /src/components/Confidence/gauge.js
 HTTP  8/20/2026 12:01:38 PM ::1 GET /src/components/Verification/status.js
 HTTP  8/20/2026 12:01:38 PM ::1 GET /src/components/Loading/stages.js
 HTTP  8/20/2026 12:01:38 PM ::1 GET /src/components/Sources/modal.js
 HTTP  8/20/2026 12:01:38 PM ::1 Returned 200 in 2 ms
 HTTP  8/20/2026 12:01:38 PM ::1 Returned 200 in 1 ms
 HTTP  8/20/2026 12:01:38 PM ::1 Returned 200 in 2 ms
 HTTP  8/20/2026 12:01:38 PM ::1 GET /src/components/Explainability/why.js
 HTTP  8/20/2026 12:01:38 PM ::1 GET /src/components/Explainability/pipeline.js
 HTTP  8/20/2026 12:01:38 PM ::1 Returned 200 in 3 ms
 HTTP  8/20/2026 12:01:38 PM ::1 Returned 200 in 2 ms
 HTTP  8/20/2026 12:01:38 PM ::1 Returned 200 in 2 ms
 HTTP  8/20/2026 12:01:38 PM ::1 GET /src/components/Explainability/howitworks.js
 HTTP  8/20/2026 12:01:38 PM ::1 Returned 200 in 3 ms
 HTTP  8/20/2026 12:01:38 PM ::1 GET /src/components/Drawer/evidence-drawer.js
 HTTP  8/20/2026 12:01:38 PM ::1 GET /src/components/Sidebar/sources.js
 HTTP  8/20/2026 12:01:38 PM ::1 Returned 200 in 1 ms
 HTTP  8/20/2026 12:01:38 PM ::1 GET /src/components/Innovation/trust.js
 HTTP  8/20/2026 12:01:38 PM ::1 GET /src/components/Innovation/contextcheck.js
 HTTP  8/20/2026 12:01:38 PM ::1 GET /src/components/Innovation/strength.js
 HTTP  8/20/2026 12:01:38 PM ::1 Returned 200 in 2 ms
 HTTP  8/20/2026 12:01:38 PM ::1 Returned 200 in 2 ms
 HTTP  8/20/2026 12:01:38 PM ::1 Returned 200 in 2 ms
 HTTP  8/20/2026 12:01:38 PM ::1 GET /src/components/Innovation/receipt.js
 HTTP  8/20/2026 12:01:38 PM ::1 Returned 200 in 3 ms
 HTTP  8/20/2026 12:01:38 PM ::1 Returned 200 in 1 ms
 HTTP  8/20/2026 12:01:38 PM ::1 GET /src/components/Innovation/trace.js
 HTTP  8/20/2026 12:01:38 PM ::1 Returned 200 in 1 ms
 HTTP  8/20/2026 12:01:38 PM ::1 GET /src/components/Innovation/passport.js
 HTTP  8/20/2026 12:01:38 PM ::1 GET /src/components/Innovation/compare.js
 HTTP  8/20/2026 12:01:38 PM ::1 GET /src/components/Innovation/heatmap.js
 HTTP  8/20/2026 12:01:38 PM ::1 GET /src/components/Innovation/demo.js
 HTTP  8/20/2026 12:01:38 PM ::1 Returned 200 in 3 ms
 HTTP  8/20/2026 12:01:38 PM ::1 Returned 200 in 2 ms
 HTTP  8/20/2026 12:01:38 PM ::1 Returned 200 in 1 ms
 HTTP  8/20/2026 12:01:38 PM ::1 GET /src/app.js
 HTTP  8/20/2026 12:01:38 PM ::1 Returned 200 in 2 ms
 HTTP  8/20/2026 12:01:38 PM ::1 Returned 200 in 1 ms
 HTTP  8/20/2026 12:02:25 PM ::1 GET /
 HTTP  8/20/2026 12:02:25 PM ::1 Returned 200 in 0 ms
 HTTP  8/20/2026 12:02:25 PM ::1 GET /src/styles/main.css
 HTTP  8/20/2026 12:02:25 PM ::1 Returned 200 in 1 ms
 HTTP  8/20/2026 12:02:25 PM ::1 GET /src/services/api.js
 HTTP  8/20/2026 12:02:25 PM ::1 Returned 200 in 1 ms
 HTTP  8/20/2026 12:02:25 PM ::1 GET /src/services/chats.js
 HTTP  8/20/2026 12:02:25 PM ::1 GET /src/utils/markdown.js
 HTTP  8/20/2026 12:02:25 PM ::1 Returned 200 in 1 ms
 HTTP  8/20/2026 12:02:25 PM ::1 GET /src/utils/helpers.js
 HTTP  8/20/2026 12:02:25 PM ::1 Returned 200 in 2 ms
 HTTP  8/20/2026 12:02:25 PM ::1 GET /src/components/Tables/renderer.js
 HTTP  8/20/2026 12:02:25 PM ::1 Returned 200 in 2 ms
 HTTP  8/20/2026 12:02:25 PM ::1 GET /src/components/Safety/indicator.js
 HTTP  8/20/2026 12:02:25 PM ::1 Returned 200 in 2 ms
 HTTP  8/20/2026 12:02:25 PM ::1 Returned 200 in 1 ms
 HTTP  8/20/2026 12:02:25 PM ::1 GET /src/components/Chat/message.js
 HTTP  8/20/2026 12:02:25 PM ::1 Returned 200 in 1 ms
 HTTP  8/20/2026 12:02:25 PM ::1 GET /src/components/Chat/input.js
 HTTP  8/20/2026 12:02:25 PM ::1 GET /src/components/Evidence/panel.js
 HTTP  8/20/2026 12:02:25 PM ::1 Returned 200 in 2 ms
 HTTP  8/20/2026 12:02:25 PM ::1 Returned 200 in 1 ms
 HTTP  8/20/2026 12:02:25 PM ::1 GET /src/components/Evidence/map.js
 HTTP  8/20/2026 12:02:25 PM ::1 GET /src/components/Evidence/conflict.js
 HTTP  8/20/2026 12:02:25 PM ::1 Returned 200 in 1 ms
 HTTP  8/20/2026 12:02:25 PM ::1 GET /src/components/Citation/list.js
 HTTP  8/20/2026 12:02:25 PM ::1 Returned 200 in 2 ms
 HTTP  8/20/2026 12:02:25 PM ::1 Returned 200 in 2 ms
 HTTP  8/20/2026 12:02:25 PM ::1 GET /src/components/Confidence/gauge.js
 HTTP  8/20/2026 12:02:25 PM ::1 GET /src/components/Verification/status.js
 HTTP  8/20/2026 12:02:25 PM ::1 Returned 200 in 2 ms
 HTTP  8/20/2026 12:02:25 PM ::1 Returned 200 in 2 ms
 HTTP  8/20/2026 12:02:25 PM ::1 GET /src/components/Loading/stages.js
 HTTP  8/20/2026 12:02:25 PM ::1 Returned 200 in 3 ms
 HTTP  8/20/2026 12:02:25 PM ::1 GET /src/components/Sources/modal.js
 HTTP  8/20/2026 12:02:25 PM ::1 GET /src/components/Explainability/why.js
 HTTP  8/20/2026 12:02:25 PM ::1 Returned 200 in 1 ms
 HTTP  8/20/2026 12:02:25 PM ::1 GET /src/components/Explainability/pipeline.js
 HTTP  8/20/2026 12:02:25 PM ::1 GET /src/components/Explainability/howitworks.js
 HTTP  8/20/2026 12:02:25 PM ::1 Returned 200 in 2 ms
 HTTP  8/20/2026 12:02:25 PM ::1 Returned 200 in 2 ms
 HTTP  8/20/2026 12:02:25 PM ::1 Returned 200 in 1 ms
 HTTP  8/20/2026 12:02:25 PM ::1 GET /src/components/Drawer/evidence-drawer.js
 HTTP  8/20/2026 12:02:25 PM ::1 Returned 200 in 2 ms
 HTTP  8/20/2026 12:02:25 PM ::1 GET /src/components/Sidebar/sources.js
 HTTP  8/20/2026 12:02:25 PM ::1 GET /src/components/Innovation/trust.js
 HTTP  8/20/2026 12:02:25 PM ::1 Returned 200 in 1 ms
 HTTP  8/20/2026 12:02:25 PM ::1 GET /src/components/Innovation/contextcheck.js
 HTTP  8/20/2026 12:02:25 PM ::1 GET /src/components/Innovation/strength.js
 HTTP  8/20/2026 12:02:25 PM ::1 GET /src/components/Innovation/receipt.js
 HTTP  8/20/2026 12:02:25 PM ::1 Returned 200 in 3 ms
 HTTP  8/20/2026 12:02:25 PM ::1 Returned 200 in 2 ms
 HTTP  8/20/2026 12:02:25 PM ::1 Returned 200 in 2 ms
 HTTP  8/20/2026 12:02:25 PM ::1 Returned 200 in 2 ms
 HTTP  8/20/2026 12:02:25 PM ::1 GET /src/components/Innovation/trace.js
 HTTP  8/20/2026 12:02:25 PM ::1 Returned 200 in 1 ms
 HTTP  8/20/2026 12:02:25 PM ::1 GET /src/components/Innovation/passport.js
 HTTP  8/20/2026 12:02:25 PM ::1 Returned 200 in 2 ms
 HTTP  8/20/2026 12:02:25 PM ::1 GET /src/components/Innovation/compare.js
 HTTP  8/20/2026 12:02:25 PM ::1 Returned 200 in 1 ms
 HTTP  8/20/2026 12:02:25 PM ::1 GET /src/components/Innovation/heatmap.js
 HTTP  8/20/2026 12:02:25 PM ::1 GET /src/components/Innovation/demo.js
 HTTP  8/20/2026 12:02:25 PM ::1 GET /src/app.js
 HTTP  8/20/2026 12:02:25 PM ::1 Returned 200 in 2 ms
 HTTP  8/20/2026 12:02:25 PM ::1 Returned 200 in 1 ms
 HTTP  8/20/2026 12:02:25 PM ::1 Returned 200 in 2 ms
 HTTP  8/20/2026 12:05:11 PM ::1 GET /
 HTTP  8/20/2026 12:05:11 PM ::1 Returned 200 in 1 ms
 HTTP  8/20/2026 12:05:11 PM ::1 GET /src/styles/main.css
 HTTP  8/20/2026 12:05:11 PM ::1 Returned 200 in 1 ms
 HTTP  8/20/2026 12:05:11 PM ::1 GET /src/services/api.js
 HTTP  8/20/2026 12:05:11 PM ::1 Returned 200 in 1 ms
 HTTP  8/20/2026 12:05:11 PM ::1 GET /src/services/chats.js
 HTTP  8/20/2026 12:05:11 PM ::1 GET /src/utils/markdown.js
 HTTP  8/20/2026 12:05:11 PM ::1 Returned 200 in 1 ms
 HTTP  8/20/2026 12:05:11 PM ::1 GET /src/utils/helpers.js
 HTTP  8/20/2026 12:05:11 PM ::1 Returned 200 in 2 ms
 HTTP  8/20/2026 12:05:11 PM ::1 GET /src/components/Tables/renderer.js
 HTTP  8/20/2026 12:05:11 PM ::1 Returned 200 in 2 ms
 HTTP  8/20/2026 12:05:11 PM ::1 Returned 200 in 2 ms
 HTTP  8/20/2026 12:05:11 PM ::1 GET /src/components/Safety/indicator.js
 HTTP  8/20/2026 12:05:11 PM ::1 Returned 200 in 1 ms
 HTTP  8/20/2026 12:05:11 PM ::1 GET /src/components/Chat/message.js
 HTTP  8/20/2026 12:05:11 PM ::1 Returned 200 in 1 ms
 HTTP  8/20/2026 12:05:11 PM ::1 GET /src/components/Chat/input.js
 HTTP  8/20/2026 12:05:11 PM ::1 GET /src/components/Evidence/panel.js
 HTTP  8/20/2026 12:05:11 PM ::1 Returned 200 in 2 ms
 HTTP  8/20/2026 12:05:11 PM ::1 GET /src/components/Evidence/map.js
 HTTP  8/20/2026 12:05:11 PM ::1 GET /src/components/Evidence/conflict.js
 HTTP  8/20/2026 12:05:11 PM ::1 GET /src/components/Citation/list.js
 HTTP  8/20/2026 12:05:11 PM ::1 Returned 200 in 2 ms
 HTTP  8/20/2026 12:05:11 PM ::1 Returned 200 in 2 ms
 HTTP  8/20/2026 12:05:11 PM ::1 Returned 200 in 2 ms
 HTTP  8/20/2026 12:05:11 PM ::1 GET /src/components/Confidence/gauge.js
 HTTP  8/20/2026 12:05:11 PM ::1 Returned 200 in 2 ms
 HTTP  8/20/2026 12:05:11 PM ::1 Returned 200 in 1 ms
 HTTP  8/20/2026 12:05:11 PM ::1 GET /src/components/Verification/status.js
 HTTP  8/20/2026 12:05:11 PM ::1 Returned 200 in 1 ms
 HTTP  8/20/2026 12:05:11 PM ::1 GET /src/components/Loading/stages.js
 HTTP  8/20/2026 12:05:11 PM ::1 GET /src/components/Sources/modal.js
 HTTP  8/20/2026 12:05:11 PM ::1 GET /src/components/Explainability/why.js
 HTTP  8/20/2026 12:05:11 PM ::1 Returned 200 in 2 ms
 HTTP  8/20/2026 12:05:11 PM ::1 Returned 200 in 1 ms
 HTTP  8/20/2026 12:05:11 PM ::1 GET /src/components/Explainability/pipeline.js
 HTTP  8/20/2026 12:05:11 PM ::1 GET /src/components/Explainability/howitworks.js
 HTTP  8/20/2026 12:05:11 PM ::1 Returned 200 in 4 ms
 HTTP  8/20/2026 12:05:11 PM ::1 Returned 200 in 3 ms
 HTTP  8/20/2026 12:05:11 PM ::1 Returned 200 in 3 ms
 HTTP  8/20/2026 12:05:11 PM ::1 GET /src/components/Drawer/evidence-drawer.js
 HTTP  8/20/2026 12:05:11 PM ::1 GET /src/components/Sidebar/sources.js
 HTTP  8/20/2026 12:05:11 PM ::1 GET /src/components/Innovation/trust.js
 HTTP  8/20/2026 12:05:11 PM ::1 GET /src/components/Innovation/contextcheck.js
 HTTP  8/20/2026 12:05:11 PM ::1 Returned 200 in 2 ms
 HTTP  8/20/2026 12:05:11 PM ::1 Returned 200 in 3 ms
 HTTP  8/20/2026 12:05:11 PM ::1 Returned 200 in 2 ms
 HTTP  8/20/2026 12:05:11 PM ::1 GET /src/components/Innovation/strength.js
 HTTP  8/20/2026 12:05:11 PM ::1 GET /src/components/Innovation/receipt.js
 HTTP  8/20/2026 12:05:11 PM ::1 Returned 200 in 3 ms
 HTTP  8/20/2026 12:05:11 PM ::1 Returned 200 in 2 ms
 HTTP  8/20/2026 12:05:11 PM ::1 Returned 200 in 1 ms
 HTTP  8/20/2026 12:05:11 PM ::1 GET /src/components/Innovation/trace.js
 HTTP  8/20/2026 12:05:11 PM ::1 Returned 200 in 1 ms
 HTTP  8/20/2026 12:05:11 PM ::1 GET /src/components/Innovation/passport.js
 HTTP  8/20/2026 12:05:11 PM ::1 GET /src/components/Innovation/compare.js
 HTTP  8/20/2026 12:05:11 PM ::1 GET /src/components/Innovation/heatmap.js
 HTTP  8/20/2026 12:05:11 PM ::1 GET /src/components/Innovation/demo.js
 HTTP  8/20/2026 12:05:11 PM ::1 GET /src/app.js
 HTTP  8/20/2026 12:05:11 PM ::1 Returned 200 in 4 ms
 HTTP  8/20/2026 12:05:11 PM ::1 Returned 200 in 3 ms
 HTTP  8/20/2026 12:05:11 PM ::1 Returned 200 in 26 ms
 HTTP  8/20/2026 12:05:11 PM ::1 Returned 200 in 27 ms
 HTTP  8/20/2026 12:05:11 PM ::1 Returned 200 in 30 ms
 HTTP  8/20/2026 12:05:32 PM ::1 GET /
 HTTP  8/20/2026 12:05:32 PM ::1 Returned 200 in 1 ms
 HTTP  8/20/2026 12:05:32 PM ::1 GET /src/styles/main.css
 HTTP  8/20/2026 12:05:32 PM ::1 Returned 200 in 2 ms
 HTTP  8/20/2026 12:05:32 PM ::1 GET /src/services/api.js
 HTTP  8/20/2026 12:05:32 PM ::1 Returned 200 in 1 ms
 HTTP  8/20/2026 12:05:32 PM ::1 GET /src/services/chats.js
 HTTP  8/20/2026 12:05:32 PM ::1 Returned 200 in 1 ms
 HTTP  8/20/2026 12:05:32 PM ::1 GET /src/utils/markdown.js
 HTTP  8/20/2026 12:05:32 PM ::1 Returned 200 in 1 ms
 HTTP  8/20/2026 12:05:32 PM ::1 GET /src/utils/helpers.js
 HTTP  8/20/2026 12:05:32 PM ::1 Returned 200 in 1 ms
 HTTP  8/20/2026 12:05:32 PM ::1 GET /src/components/Tables/renderer.js
 HTTP  8/20/2026 12:05:32 PM ::1 Returned 200 in 1 ms
 HTTP  8/20/2026 12:05:32 PM ::1 GET /src/components/Safety/indicator.js
 HTTP  8/20/2026 12:05:32 PM ::1 Returned 200 in 1 ms
 HTTP  8/20/2026 12:05:32 PM ::1 GET /src/components/Chat/message.js
 HTTP  8/20/2026 12:05:32 PM ::1 Returned 200 in 2 ms
 HTTP  8/20/2026 12:05:32 PM ::1 GET /src/components/Chat/input.js
 HTTP  8/20/2026 12:05:32 PM ::1 GET /src/components/Evidence/panel.js
 HTTP  8/20/2026 12:05:32 PM ::1 Returned 200 in 1 ms
 HTTP  8/20/2026 12:05:32 PM ::1 GET /src/components/Evidence/map.js
 HTTP  8/20/2026 12:05:32 PM ::1 GET /src/components/Evidence/conflict.js
 HTTP  8/20/2026 12:05:32 PM ::1 Returned 200 in 2 ms
 HTTP  8/20/2026 12:05:32 PM ::1 Returned 200 in 2 ms
 HTTP  8/20/2026 12:05:32 PM ::1 GET /src/components/Citation/list.js
 HTTP  8/20/2026 12:05:32 PM ::1 Returned 200 in 2 ms
 HTTP  8/20/2026 12:05:32 PM ::1 Returned 200 in 2 ms
 HTTP  8/20/2026 12:05:32 PM ::1 GET /src/components/Confidence/gauge.js
 HTTP  8/20/2026 12:05:32 PM ::1 Returned 200 in 1 ms
 HTTP  8/20/2026 12:05:32 PM ::1 GET /src/components/Verification/status.js
 HTTP  8/20/2026 12:05:32 PM ::1 Returned 200 in 1 ms
 HTTP  8/20/2026 12:05:32 PM ::1 GET /src/components/Loading/stages.js
 HTTP  8/20/2026 12:05:32 PM ::1 GET /src/components/Sources/modal.js
 HTTP  8/20/2026 12:05:32 PM ::1 GET /src/components/Explainability/why.js
 HTTP  8/20/2026 12:05:32 PM ::1 Returned 200 in 2 ms
 HTTP  8/20/2026 12:05:32 PM ::1 Returned 200 in 2 ms
 HTTP  8/20/2026 12:05:32 PM ::1 GET /src/components/Explainability/pipeline.js
 HTTP  8/20/2026 12:05:32 PM ::1 GET /src/components/Explainability/howitworks.js
 HTTP  8/20/2026 12:05:32 PM ::1 Returned 200 in 3 ms
 HTTP  8/20/2026 12:05:32 PM ::1 Returned 200 in 2 ms
 HTTP  8/20/2026 12:05:32 PM ::1 GET /src/components/Drawer/evidence-drawer.js
 HTTP  8/20/2026 12:05:32 PM ::1 Returned 200 in 3 ms
 HTTP  8/20/2026 12:05:32 PM ::1 Returned 200 in 1 ms
 HTTP  8/20/2026 12:05:32 PM ::1 GET /src/components/Sidebar/sources.js
 HTTP  8/20/2026 12:05:32 PM ::1 GET /src/components/Innovation/trust.js
 HTTP  8/20/2026 12:05:32 PM ::1 Returned 200 in 2 ms
 HTTP  8/20/2026 12:05:32 PM ::1 GET /src/components/Innovation/contextcheck.js
 HTTP  8/20/2026 12:05:32 PM ::1 GET /src/components/Innovation/strength.js
 HTTP  8/20/2026 12:05:32 PM ::1 Returned 200 in 2 ms
 HTTP  8/20/2026 12:05:32 PM ::1 Returned 200 in 1 ms
 HTTP  8/20/2026 12:05:32 PM ::1 GET /src/components/Innovation/receipt.js
 HTTP  8/20/2026 12:05:32 PM ::1 GET /src/components/Innovation/trace.js
 HTTP  8/20/2026 12:05:32 PM ::1 Returned 200 in 3 ms
 HTTP  8/20/2026 12:05:32 PM ::1 Returned 200 in 2 ms
 HTTP  8/20/2026 12:05:32 PM ::1 Returned 200 in 3 ms
 HTTP  8/20/2026 12:05:32 PM ::1 GET /src/components/Innovation/passport.js
 HTTP  8/20/2026 12:05:32 PM ::1 Returned 200 in 1 ms
 HTTP  8/20/2026 12:05:32 PM ::1 GET /src/components/Innovation/compare.js
 HTTP  8/20/2026 12:05:32 PM ::1 GET /src/components/Innovation/heatmap.js
 HTTP  8/20/2026 12:05:32 PM ::1 GET /src/components/Innovation/demo.js
 HTTP  8/20/2026 12:05:32 PM ::1 Returned 200 in 2 ms
 HTTP  8/20/2026 12:05:32 PM ::1 Returned 200 in 2 ms
 HTTP  8/20/2026 12:05:32 PM ::1 GET /src/app.js
 HTTP  8/20/2026 12:05:32 PM ::1 Returned 200 in 3 ms
 HTTP  8/20/2026 12:05:32 PM ::1 Returned 200 in 1 ms
 HTTP  8/20/2026 12:05:34 PM ::1 GET /
 HTTP  8/20/2026 12:05:34 PM ::1 Returned 200 in 1 ms
 HTTP  8/20/2026 12:05:34 PM ::1 GET /src/styles/main.css
 HTTP  8/20/2026 12:05:34 PM ::1 Returned 200 in 2 ms
 HTTP  8/20/2026 12:05:34 PM ::1 GET /src/services/api.js
 HTTP  8/20/2026 12:05:34 PM ::1 Returned 200 in 0 ms
 HTTP  8/20/2026 12:05:34 PM ::1 GET /src/services/chats.js
 HTTP  8/20/2026 12:05:34 PM ::1 Returned 200 in 0 ms
 HTTP  8/20/2026 12:05:34 PM ::1 GET /src/utils/markdown.js
 HTTP  8/20/2026 12:05:34 PM ::1 Returned 200 in 0 ms
 HTTP  8/20/2026 12:05:34 PM ::1 GET /src/utils/helpers.js
 HTTP  8/20/2026 12:05:34 PM ::1 Returned 200 in 2 ms
 HTTP  8/20/2026 12:05:34 PM ::1 GET /src/components/Tables/renderer.js
 HTTP  8/20/2026 12:05:34 PM ::1 GET /src/components/Safety/indicator.js
 HTTP  8/20/2026 12:05:34 PM ::1 Returned 200 in 1 ms
 HTTP  8/20/2026 12:05:34 PM ::1 Returned 200 in 1 ms
 HTTP  8/20/2026 12:05:34 PM ::1 GET /src/components/Chat/message.js
 HTTP  8/20/2026 12:05:34 PM ::1 Returned 200 in 1 ms
 HTTP  8/20/2026 12:05:34 PM ::1 GET /src/components/Chat/input.js
 HTTP  8/20/2026 12:05:34 PM ::1 GET /src/components/Evidence/panel.js
 HTTP  8/20/2026 12:05:34 PM ::1 Returned 200 in 2 ms
 HTTP  8/20/2026 12:05:34 PM ::1 GET /src/components/Evidence/map.js
 HTTP  8/20/2026 12:05:34 PM ::1 GET /src/components/Evidence/conflict.js
 HTTP  8/20/2026 12:05:34 PM ::1 Returned 200 in 2 ms
 HTTP  8/20/2026 12:05:34 PM ::1 Returned 200 in 2 ms
 HTTP  8/20/2026 12:05:34 PM ::1 GET /src/components/Citation/list.js
 HTTP  8/20/2026 12:05:34 PM ::1 Returned 200 in 3 ms
 HTTP  8/20/2026 12:05:34 PM ::1 Returned 200 in 2 ms
 HTTP  8/20/2026 12:05:34 PM ::1 GET /src/components/Confidence/gauge.js
 HTTP  8/20/2026 12:05:34 PM ::1 Returned 200 in 3 ms
 HTTP  8/20/2026 12:05:34 PM ::1 GET /src/components/Verification/status.js
 HTTP  8/20/2026 12:05:34 PM ::1 GET /src/components/Loading/stages.js
 HTTP  8/20/2026 12:05:34 PM ::1 Returned 200 in 2 ms
 HTTP  8/20/2026 12:05:34 PM ::1 Returned 200 in 2 ms
 HTTP  8/20/2026 12:05:34 PM ::1 GET /src/components/Sources/modal.js
 HTTP  8/20/2026 12:05:34 PM ::1 GET /src/components/Explainability/why.js
 HTTP  8/20/2026 12:05:34 PM ::1 Returned 200 in 1 ms
 HTTP  8/20/2026 12:05:34 PM ::1 GET /src/components/Explainability/pipeline.js
 HTTP  8/20/2026 12:05:34 PM ::1 Returned 200 in 2 ms
 HTTP  8/20/2026 12:05:34 PM ::1 GET /src/components/Explainability/howitworks.js
 HTTP  8/20/2026 12:05:34 PM ::1 Returned 200 in 2 ms
 HTTP  8/20/2026 12:05:34 PM ::1 Returned 200 in 1 ms
 HTTP  8/20/2026 12:05:34 PM ::1 GET /src/components/Drawer/evidence-drawer.js
 HTTP  8/20/2026 12:05:34 PM ::1 GET /src/components/Sidebar/sources.js
 HTTP  8/20/2026 12:05:34 PM ::1 GET /src/components/Innovation/trust.js
 HTTP  8/20/2026 12:05:34 PM ::1 GET /src/components/Innovation/contextcheck.js
 HTTP  8/20/2026 12:05:34 PM ::1 Returned 200 in 3 ms
 HTTP  8/20/2026 12:05:34 PM ::1 Returned 200 in 2 ms
 HTTP  8/20/2026 12:05:34 PM ::1 Returned 200 in 2 ms
 HTTP  8/20/2026 12:05:34 PM ::1 GET /src/components/Innovation/strength.js
 HTTP  8/20/2026 12:05:34 PM ::1 GET /src/components/Innovation/receipt.js
 HTTP  8/20/2026 12:05:34 PM ::1 Returned 200 in 2 ms
 HTTP  8/20/2026 12:05:34 PM ::1 Returned 200 in 2 ms
 HTTP  8/20/2026 12:05:34 PM ::1 Returned 200 in 2 ms
 HTTP  8/20/2026 12:05:34 PM ::1 GET /src/components/Innovation/trace.js
 HTTP  8/20/2026 12:05:34 PM ::1 Returned 200 in 2 ms
 HTTP  8/20/2026 12:05:34 PM ::1 GET /src/components/Innovation/passport.js
 HTTP  8/20/2026 12:05:34 PM ::1 GET /src/components/Innovation/compare.js
 HTTP  8/20/2026 12:05:34 PM ::1 Returned 200 in 2 ms
 HTTP  8/20/2026 12:05:34 PM ::1 Returned 200 in 1 ms
 HTTP  8/20/2026 12:05:34 PM ::1 GET /src/components/Innovation/heatmap.js
 HTTP  8/20/2026 12:05:34 PM ::1 Returned 200 in 1 ms
 HTTP  8/20/2026 12:05:34 PM ::1 GET /src/components/Innovation/demo.js
 HTTP  8/20/2026 12:05:34 PM ::1 GET /src/app.js
 HTTP  8/20/2026 12:05:34 PM ::1 Returned 200 in 1 ms
 HTTP  8/20/2026 12:05:34 PM ::1 Returned 200 in 2 ms
 HTTP  8/20/2026 12:05:36 PM ::1 GET /
 HTTP  8/20/2026 12:05:36 PM ::1 Returned 200 in 1 ms
 HTTP  8/20/2026 12:05:36 PM ::1 GET /src/styles/main.css
 HTTP  8/20/2026 12:05:36 PM ::1 Returned 200 in 1 ms
 HTTP  8/20/2026 12:05:36 PM ::1 GET /src/services/api.js
 HTTP  8/20/2026 12:05:36 PM ::1 GET /src/services/chats.js
 HTTP  8/20/2026 12:05:36 PM ::1 Returned 200 in 1 ms
 HTTP  8/20/2026 12:05:36 PM ::1 Returned 200 in 1 ms
 HTTP  8/20/2026 12:05:36 PM ::1 GET /src/utils/markdown.js
 HTTP  8/20/2026 12:05:36 PM ::1 GET /src/utils/helpers.js
 HTTP  8/20/2026 12:05:36 PM ::1 Returned 200 in 1 ms
 HTTP  8/20/2026 12:05:36 PM ::1 Returned 200 in 1 ms
 HTTP  8/20/2026 12:05:36 PM ::1 GET /src/components/Tables/renderer.js
 HTTP  8/20/2026 12:05:36 PM ::1 GET /src/components/Safety/indicator.js
 HTTP  8/20/2026 12:05:36 PM ::1 Returned 200 in 2 ms
 HTTP  8/20/2026 12:05:36 PM ::1 Returned 200 in 1 ms
 HTTP  8/20/2026 12:05:36 PM ::1 GET /src/components/Chat/message.js
 HTTP  8/20/2026 12:05:36 PM ::1 Returned 200 in 1 ms
 HTTP  8/20/2026 12:05:36 PM ::1 GET /src/components/Chat/input.js
 HTTP  8/20/2026 12:05:36 PM ::1 GET /src/components/Evidence/panel.js
 HTTP  8/20/2026 12:05:36 PM ::1 Returned 200 in 2 ms
 HTTP  8/20/2026 12:05:36 PM ::1 Returned 200 in 1 ms
 HTTP  8/20/2026 12:05:36 PM ::1 GET /src/components/Evidence/map.js
 HTTP  8/20/2026 12:05:36 PM ::1 GET /src/components/Evidence/conflict.js
 HTTP  8/20/2026 12:05:36 PM ::1 GET /src/components/Citation/list.js
 HTTP  8/20/2026 12:05:36 PM ::1 Returned 200 in 1 ms
 HTTP  8/20/2026 12:05:36 PM ::1 Returned 200 in 2 ms
 HTTP  8/20/2026 12:05:36 PM ::1 GET /src/components/Confidence/gauge.js
 HTTP  8/20/2026 12:05:36 PM ::1 Returned 200 in 3 ms
 HTTP  8/20/2026 12:05:36 PM ::1 Returned 200 in 2 ms
 HTTP  8/20/2026 12:05:36 PM ::1 GET /src/components/Verification/status.js
 HTTP  8/20/2026 12:05:36 PM ::1 GET /src/components/Loading/stages.js
 HTTP  8/20/2026 12:05:36 PM ::1 GET /src/components/Sources/modal.js
 HTTP  8/20/2026 12:05:36 PM ::1 GET /src/components/Explainability/why.js
 HTTP  8/20/2026 12:05:36 PM ::1 GET /src/components/Explainability/pipeline.js
 HTTP  8/20/2026 12:05:36 PM ::1 Returned 200 in 3 ms
 HTTP  8/20/2026 12:05:36 PM ::1 Returned 200 in 2 ms
 HTTP  8/20/2026 12:05:36 PM ::1 Returned 200 in 2 ms
 HTTP  8/20/2026 12:05:36 PM ::1 Returned 200 in 2 ms
 HTTP  8/20/2026 12:05:36 PM ::1 GET /src/components/Explainability/howitworks.js
 HTTP  8/20/2026 12:05:36 PM ::1 Returned 200 in 2 ms
 HTTP  8/20/2026 12:05:36 PM ::1 Returned 200 in 1 ms
 HTTP  8/20/2026 12:05:36 PM ::1 GET /src/components/Drawer/evidence-drawer.js
 HTTP  8/20/2026 12:05:36 PM ::1 GET /src/components/Sidebar/sources.js
 HTTP  8/20/2026 12:05:36 PM ::1 GET /src/components/Innovation/trust.js
 HTTP  8/20/2026 12:05:36 PM ::1 GET /src/components/Innovation/contextcheck.js
 HTTP  8/20/2026 12:05:36 PM ::1 Returned 200 in 2 ms
 HTTP  8/20/2026 12:05:36 PM ::1 Returned 200 in 2 ms
 HTTP  8/20/2026 12:05:36 PM ::1 Returned 200 in 2 ms
 HTTP  8/20/2026 12:05:36 PM ::1 GET /src/components/Innovation/strength.js
 HTTP  8/20/2026 12:05:36 PM ::1 GET /src/components/Innovation/receipt.js
 HTTP  8/20/2026 12:05:36 PM ::1 Returned 200 in 3 ms
 HTTP  8/20/2026 12:05:36 PM ::1 Returned 200 in 1 ms
 HTTP  8/20/2026 12:05:36 PM ::1 Returned 200 in 2 ms
 HTTP  8/20/2026 12:05:36 PM ::1 GET /src/components/Innovation/trace.js
 HTTP  8/20/2026 12:05:36 PM ::1 Returned 200 in 1 ms
 HTTP  8/20/2026 12:05:36 PM ::1 GET /src/components/Innovation/passport.js
 HTTP  8/20/2026 12:05:36 PM ::1 GET /src/components/Innovation/compare.js
 HTTP  8/20/2026 12:05:36 PM ::1 Returned 200 in 1 ms
 HTTP  8/20/2026 12:05:36 PM ::1 GET /src/components/Innovation/heatmap.js
 HTTP  8/20/2026 12:05:36 PM ::1 GET /src/components/Innovation/demo.js
 HTTP  8/20/2026 12:05:36 PM ::1 GET /src/app.js
 HTTP  8/20/2026 12:05:36 PM ::1 Returned 200 in 2 ms
 HTTP  8/20/2026 12:05:36 PM ::1 Returned 200 in 2 ms
 HTTP  8/20/2026 12:05:36 PM ::1 Returned 200 in 2 ms
 HTTP  8/20/2026 12:05:36 PM ::1 Returned 200 in 1 ms
 HTTP  8/20/2026 12:05:37 PM ::1 GET /
 HTTP  8/20/2026 12:05:37 PM ::1 Returned 200 in 1 ms
 HTTP  8/20/2026 12:05:37 PM ::1 GET /src/styles/main.css
 HTTP  8/20/2026 12:05:37 PM ::1 Returned 200 in 1 ms
 HTTP  8/20/2026 12:05:37 PM ::1 GET /src/services/api.js
 HTTP  8/20/2026 12:05:37 PM ::1 GET /src/services/chats.js
 HTTP  8/20/2026 12:05:37 PM ::1 Returned 200 in 1 ms
 HTTP  8/20/2026 12:05:37 PM ::1 Returned 200 in 1 ms
 HTTP  8/20/2026 12:05:37 PM ::1 GET /src/utils/markdown.js
 HTTP  8/20/2026 12:05:37 PM ::1 Returned 200 in 2 ms
 HTTP  8/20/2026 12:05:37 PM ::1 GET /src/utils/helpers.js
 HTTP  8/20/2026 12:05:37 PM ::1 GET /src/components/Tables/renderer.js
 HTTP  8/20/2026 12:05:37 PM ::1 Returned 200 in 1 ms
 HTTP  8/20/2026 12:05:37 PM ::1 GET /src/components/Safety/indicator.js
 HTTP  8/20/2026 12:05:37 PM ::1 Returned 200 in 2 ms
 HTTP  8/20/2026 12:05:37 PM ::1 Returned 200 in 2 ms
 HTTP  8/20/2026 12:05:37 PM ::1 GET /src/components/Chat/message.js
 HTTP  8/20/2026 12:05:37 PM ::1 GET /src/components/Chat/input.js
 HTTP  8/20/2026 12:05:37 PM ::1 Returned 200 in 2 ms
 HTTP  8/20/2026 12:05:37 PM ::1 Returned 200 in 2 ms
 HTTP  8/20/2026 12:05:37 PM ::1 GET /src/components/Evidence/panel.js
 HTTP  8/20/2026 12:05:37 PM ::1 GET /src/components/Evidence/map.js
 HTTP  8/20/2026 12:05:37 PM ::1 GET /src/components/Evidence/conflict.js
 HTTP  8/20/2026 12:05:37 PM ::1 GET /src/components/Citation/list.js
 HTTP  8/20/2026 12:05:37 PM ::1 Returned 200 in 3 ms
 HTTP  8/20/2026 12:05:37 PM ::1 Returned 200 in 3 ms
 HTTP  8/20/2026 12:05:37 PM ::1 Returned 200 in 2 ms
 HTTP  8/20/2026 12:05:37 PM ::1 Returned 200 in 2 ms
 HTTP  8/20/2026 12:05:37 PM ::1 GET /src/components/Confidence/gauge.js
 HTTP  8/20/2026 12:05:37 PM ::1 GET /src/components/Verification/status.js
 HTTP  8/20/2026 12:05:37 PM ::1 GET /src/components/Loading/stages.js
 HTTP  8/20/2026 12:05:37 PM ::1 GET /src/components/Sources/modal.js
 HTTP  8/20/2026 12:05:37 PM ::1 GET /src/components/Explainability/why.js
 HTTP  8/20/2026 12:05:37 PM ::1 Returned 200 in 2 ms
 HTTP  8/20/2026 12:05:37 PM ::1 Returned 200 in 2 ms
 HTTP  8/20/2026 12:05:37 PM ::1 Returned 200 in 2 ms
 HTTP  8/20/2026 12:05:37 PM ::1 Returned 200 in 3 ms
 HTTP  8/20/2026 12:05:37 PM ::1 GET /src/components/Explainability/pipeline.js
 HTTP  8/20/2026 12:05:37 PM ::1 Returned 200 in 2 ms
 HTTP  8/20/2026 12:05:37 PM ::1 Returned 200 in 1 ms
 HTTP  8/20/2026 12:05:38 PM ::1 GET /src/components/Explainability/howitworks.js
 HTTP  8/20/2026 12:05:38 PM ::1 Returned 200 in 1 ms
 HTTP  8/20/2026 12:05:38 PM ::1 GET /src/components/Drawer/evidence-drawer.js
 HTTP  8/20/2026 12:05:38 PM ::1 Returned 200 in 1 ms
 HTTP  8/20/2026 12:05:38 PM ::1 GET /src/components/Sidebar/sources.js
 HTTP  8/20/2026 12:05:38 PM ::1 GET /src/components/Innovation/trust.js
 HTTP  8/20/2026 12:05:38 PM ::1 Returned 200 in 1 ms
 HTTP  8/20/2026 12:05:38 PM ::1 GET /src/components/Innovation/contextcheck.js
 HTTP  8/20/2026 12:05:38 PM ::1 Returned 200 in 2 ms
 HTTP  8/20/2026 12:05:38 PM ::1 GET /src/components/Innovation/strength.js
 HTTP  8/20/2026 12:05:38 PM ::1 GET /src/components/Innovation/receipt.js
 HTTP  8/20/2026 12:05:38 PM ::1 Returned 200 in 3 ms
 HTTP  8/20/2026 12:05:38 PM ::1 Returned 200 in 2 ms
 HTTP  8/20/2026 12:05:38 PM ::1 GET /src/components/Innovation/trace.js
 HTTP  8/20/2026 12:05:38 PM ::1 Returned 200 in 2 ms
 HTTP  8/20/2026 12:05:38 PM ::1 Returned 200 in 1 ms
 HTTP  8/20/2026 12:05:38 PM ::1 GET /src/components/Innovation/passport.js
 HTTP  8/20/2026 12:05:38 PM ::1 Returned 200 in 1 ms
 HTTP  8/20/2026 12:05:38 PM ::1 GET /src/components/Innovation/compare.js
 HTTP  8/20/2026 12:05:38 PM ::1 Returned 200 in 1 ms
 HTTP  8/20/2026 12:05:38 PM ::1 GET /src/components/Innovation/heatmap.js
 HTTP  8/20/2026 12:05:38 PM ::1 GET /src/components/Innovation/demo.js
 HTTP  8/20/2026 12:05:38 PM ::1 GET /src/app.js
 HTTP  8/20/2026 12:05:38 PM ::1 Returned 200 in 2 ms
 HTTP  8/20/2026 12:05:38 PM ::1 Returned 200 in 1 ms
 HTTP  8/20/2026 12:05:38 PM ::1 Returned 200 in 3 ms
 HTTP  8/20/2026 12:05:39 PM ::1 GET /
 HTTP  8/20/2026 12:05:39 PM ::1 Returned 200 in 1 ms
 HTTP  8/20/2026 12:05:39 PM ::1 GET /src/styles/main.css
 HTTP  8/20/2026 12:05:39 PM ::1 Returned 200 in 2 ms
 HTTP  8/20/2026 12:05:39 PM ::1 GET /src/services/api.js
 HTTP  8/20/2026 12:05:39 PM ::1 GET /src/services/chats.js
 HTTP  8/20/2026 12:05:39 PM ::1 Returned 200 in 1 ms
 HTTP  8/20/2026 12:05:39 PM ::1 Returned 200 in 1 ms
 HTTP  8/20/2026 12:05:39 PM ::1 GET /src/utils/markdown.js
 HTTP  8/20/2026 12:05:39 PM ::1 Returned 200 in 1 ms
 HTTP  8/20/2026 12:05:39 PM ::1 GET /src/utils/helpers.js
 HTTP  8/20/2026 12:05:39 PM ::1 Returned 200 in 0 ms
 HTTP  8/20/2026 12:05:39 PM ::1 GET /src/components/Tables/renderer.js
 HTTP  8/20/2026 12:05:39 PM ::1 GET /src/components/Safety/indicator.js
 HTTP  8/20/2026 12:05:39 PM ::1 Returned 200 in 1 ms
 HTTP  8/20/2026 12:05:39 PM ::1 Returned 200 in 2 ms
 HTTP  8/20/2026 12:05:39 PM ::1 GET /src/components/Chat/message.js
 HTTP  8/20/2026 12:05:39 PM ::1 GET /src/components/Chat/input.js
 HTTP  8/20/2026 12:05:39 PM ::1 GET /src/components/Evidence/panel.js
 HTTP  8/20/2026 12:05:39 PM ::1 GET /src/components/Evidence/map.js
 HTTP  8/20/2026 12:05:39 PM ::1 Returned 200 in 2 ms
 HTTP  8/20/2026 12:05:39 PM ::1 Returned 200 in 2 ms
 HTTP  8/20/2026 12:05:39 PM ::1 Returned 200 in 2 ms
 HTTP  8/20/2026 12:05:39 PM ::1 GET /src/components/Evidence/conflict.js
 HTTP  8/20/2026 12:05:39 PM ::1 GET /src/components/Citation/list.js
 HTTP  8/20/2026 12:05:39 PM ::1 Returned 200 in 3 ms
 HTTP  8/20/2026 12:05:39 PM ::1 Returned 200 in 2 ms
 HTTP  8/20/2026 12:05:39 PM ::1 Returned 200 in 2 ms
 HTTP  8/20/2026 12:05:39 PM ::1 GET /src/components/Confidence/gauge.js
 HTTP  8/20/2026 12:05:39 PM ::1 GET /src/components/Verification/status.js
 HTTP  8/20/2026 12:05:39 PM ::1 GET /src/components/Loading/stages.js
 HTTP  8/20/2026 12:05:39 PM ::1 GET /src/components/Sources/modal.js
 HTTP  8/20/2026 12:05:39 PM ::1 Returned 200 in 2 ms
 HTTP  8/20/2026 12:05:39 PM ::1 Returned 200 in 2 ms
 HTTP  8/20/2026 12:05:39 PM ::1 Returned 200 in 2 ms
 HTTP  8/20/2026 12:05:39 PM ::1 GET /src/components/Explainability/why.js
 HTTP  8/20/2026 12:05:39 PM ::1 GET /src/components/Explainability/pipeline.js
 HTTP  8/20/2026 12:05:39 PM ::1 Returned 200 in 3 ms
 HTTP  8/20/2026 12:05:39 PM ::1 Returned 200 in 1 ms
 HTTP  8/20/2026 12:05:39 PM ::1 Returned 200 in 2 ms
 HTTP  8/20/2026 12:05:39 PM ::1 GET /src/components/Explainability/howitworks.js
 HTTP  8/20/2026 12:05:39 PM ::1 Returned 200 in 2 ms
 HTTP  8/20/2026 12:05:39 PM ::1 GET /src/components/Drawer/evidence-drawer.js
 HTTP  8/20/2026 12:05:39 PM ::1 GET /src/components/Sidebar/sources.js
 HTTP  8/20/2026 12:05:39 PM ::1 GET /src/components/Innovation/trust.js
 HTTP  8/20/2026 12:05:39 PM ::1 Returned 200 in 2 ms
 HTTP  8/20/2026 12:05:39 PM ::1 Returned 200 in 1 ms
 HTTP  8/20/2026 12:05:39 PM ::1 GET /src/components/Innovation/contextcheck.js
 HTTP  8/20/2026 12:05:39 PM ::1 Returned 200 in 2 ms
 HTTP  8/20/2026 12:05:39 PM ::1 GET /src/components/Innovation/strength.js
 HTTP  8/20/2026 12:05:39 PM ::1 GET /src/components/Innovation/receipt.js
 HTTP  8/20/2026 12:05:39 PM ::1 Returned 200 in 3 ms
 HTTP  8/20/2026 12:05:39 PM ::1 Returned 200 in 3 ms
 HTTP  8/20/2026 12:05:39 PM ::1 Returned 200 in 3 ms
 HTTP  8/20/2026 12:05:39 PM ::1 GET /src/components/Innovation/trace.js
 HTTP  8/20/2026 12:05:39 PM ::1 Returned 200 in 1 ms
 HTTP  8/20/2026 12:05:39 PM ::1 GET /src/components/Innovation/passport.js
 HTTP  8/20/2026 12:05:39 PM ::1 Returned 200 in 0 ms
 HTTP  8/20/2026 12:05:39 PM ::1 GET /src/components/Innovation/compare.js
 HTTP  8/20/2026 12:05:39 PM ::1 GET /src/components/Innovation/heatmap.js
 HTTP  8/20/2026 12:05:39 PM ::1 GET /src/components/Innovation/demo.js
 HTTP  8/20/2026 12:05:39 PM ::1 GET /src/app.js
 HTTP  8/20/2026 12:05:39 PM ::1 Returned 200 in 3 ms
 HTTP  8/20/2026 12:05:39 PM ::1 Returned 200 in 2 ms
 HTTP  8/20/2026 12:05:39 PM ::1 Returned 200 in 1 ms
 HTTP  8/20/2026 12:05:39 PM ::1 Returned 200 in 2 ms
 HTTP  8/20/2026 12:51:04 PM ::1 GET /
 HTTP  8/20/2026 12:51:04 PM ::1 Returned 200 in 4 ms
 HTTP  8/20/2026 12:51:04 PM ::1 GET /src/styles/main.css
 HTTP  8/20/2026 12:51:04 PM ::1 GET /src/services/api.js
 HTTP  8/20/2026 12:51:04 PM ::1 Returned 200 in 3 ms
 HTTP  8/20/2026 12:51:04 PM ::1 Returned 304 in 2 ms
 HTTP  8/20/2026 12:51:04 PM ::1 GET /src/services/chats.js
 HTTP  8/20/2026 12:51:04 PM ::1 Returned 304 in 2 ms
 HTTP  8/20/2026 12:51:04 PM ::1 GET /src/utils/markdown.js
 HTTP  8/20/2026 12:51:04 PM ::1 GET /src/utils/helpers.js
 HTTP  8/20/2026 12:51:04 PM ::1 Returned 200 in 3 ms
 HTTP  8/20/2026 12:51:04 PM ::1 Returned 304 in 2 ms
 HTTP  8/20/2026 12:51:04 PM ::1 GET /src/components/Tables/renderer.js
 HTTP  8/20/2026 12:51:04 PM ::1 Returned 304 in 1 ms
 HTTP  8/20/2026 12:51:04 PM ::1 GET /src/components/Safety/indicator.js
 HTTP  8/20/2026 12:51:04 PM ::1 Returned 304 in 2 ms
 HTTP  8/20/2026 12:51:04 PM ::1 GET /src/components/Chat/message.js
 HTTP  8/20/2026 12:51:04 PM ::1 GET /src/components/Chat/input.js
 HTTP  8/20/2026 12:51:04 PM ::1 Returned 200 in 1 ms
 HTTP  8/20/2026 12:51:04 PM ::1 Returned 304 in 2 ms
 HTTP  8/20/2026 12:51:04 PM ::1 GET /src/components/Evidence/panel.js
 HTTP  8/20/2026 12:51:04 PM ::1 Returned 304 in 1 ms
 HTTP  8/20/2026 12:51:04 PM ::1 GET /src/components/Evidence/map.js
 HTTP  8/20/2026 12:51:04 PM ::1 Returned 304 in 2 ms
 HTTP  8/20/2026 12:51:04 PM ::1 GET /src/components/Evidence/conflict.js
 HTTP  8/20/2026 12:51:04 PM ::1 Returned 200 in 1 ms
 HTTP  8/20/2026 12:51:04 PM ::1 GET /src/components/Citation/list.js
 HTTP  8/20/2026 12:51:04 PM ::1 Returned 304 in 1 ms
 HTTP  8/20/2026 12:51:04 PM ::1 GET /src/components/Confidence/gauge.js
 HTTP  8/20/2026 12:51:04 PM ::1 Returned 304 in 1 ms
 HTTP  8/20/2026 12:51:04 PM ::1 GET /src/components/Verification/status.js
 HTTP  8/20/2026 12:51:04 PM ::1 Returned 304 in 1 ms
 HTTP  8/20/2026 12:51:04 PM ::1 GET /src/components/Loading/stages.js
 HTTP  8/20/2026 12:51:04 PM ::1 Returned 304 in 2 ms
 HTTP  8/20/2026 12:51:04 PM ::1 GET /src/components/Sources/modal.js
 HTTP  8/20/2026 12:51:04 PM ::1 Returned 304 in 5 ms
 HTTP  8/20/2026 12:51:04 PM ::1 GET /src/components/Explainability/why.js
 HTTP  8/20/2026 12:51:04 PM ::1 Returned 304 in 1 ms
 HTTP  8/20/2026 12:51:04 PM ::1 GET /src/components/Explainability/pipeline.js
 HTTP  8/20/2026 12:51:04 PM ::1 Returned 304 in 1 ms
 HTTP  8/20/2026 12:51:04 PM ::1 GET /src/components/Explainability/howitworks.js
 HTTP  8/20/2026 12:51:04 PM ::1 Returned 304 in 1 ms
 HTTP  8/20/2026 12:51:04 PM ::1 GET /src/components/Drawer/evidence-drawer.js
 HTTP  8/20/2026 12:51:04 PM ::1 Returned 200 in 1 ms
 HTTP  8/20/2026 12:51:04 PM ::1 GET /src/components/Sidebar/sources.js
 HTTP  8/20/2026 12:51:04 PM ::1 Returned 304 in 2 ms
 HTTP  8/20/2026 12:51:04 PM ::1 GET /src/components/Innovation/trust.js
 HTTP  8/20/2026 12:51:04 PM ::1 Returned 200 in 1 ms
 HTTP  8/20/2026 12:51:04 PM ::1 GET /src/components/Innovation/contextcheck.js
 HTTP  8/20/2026 12:51:04 PM ::1 Returned 304 in 2 ms
 HTTP  8/20/2026 12:51:04 PM ::1 GET /src/components/Innovation/strength.js
 HTTP  8/20/2026 12:51:04 PM ::1 GET /src/components/Innovation/receipt.js
 HTTP  8/20/2026 12:51:04 PM ::1 Returned 200 in 1 ms
 HTTP  8/20/2026 12:51:04 PM ::1 Returned 200 in 2 ms
 HTTP  8/20/2026 12:51:04 PM ::1 GET /src/components/Innovation/trace.js
 HTTP  8/20/2026 12:51:04 PM ::1 Returned 304 in 1 ms
 HTTP  8/20/2026 12:51:04 PM ::1 GET /src/components/Innovation/passport.js
 HTTP  8/20/2026 12:51:04 PM ::1 Returned 304 in 2 ms
 HTTP  8/20/2026 12:51:04 PM ::1 GET /src/components/Innovation/compare.js
 HTTP  8/20/2026 12:51:04 PM ::1 GET /src/components/Innovation/heatmap.js
 HTTP  8/20/2026 12:51:04 PM ::1 Returned 304 in 2 ms
 HTTP  8/20/2026 12:51:04 PM ::1 Returned 304 in 3 ms
 HTTP  8/20/2026 12:51:04 PM ::1 GET /src/components/Innovation/demo.js
 HTTP  8/20/2026 12:51:04 PM ::1 Returned 304 in 1 ms
 HTTP  8/20/2026 12:51:04 PM ::1 GET /src/app.js
 HTTP  8/20/2026 12:51:04 PM ::1 Returned 200 in 1 ms
